Transcript,Next steps,Summary,Concerns/objections,Motivated by,Rapport,Personal details,Positive moments,Eagerness level,Destinations mentioned,Ideal time for a trip
"01:51 Rachel Steiker
Hi.

01:52 Erinn Bell
Hi, how are you?

01:53 Rachel Steiker
I'm good. How are you?

01:55 Erinn Bell
I'm well. Sorry I'm a little late.

01:56 Rachel Steiker
Oh No, you're all good. You're all good. It's really nice to meet you. Where are you located?

02:03 Erinn Bell
I'm located in California.

02:04 Rachel Steiker
Oh, nice. What part?

02:06 Erinn Bell
Santa Monica.

02:07 Rachel Steiker
Okay, cool. Yeah, I'm from Orange County, so very familiar. Yeah. With the whole LA area.

02:13 Erinn Bell
That's awesome.

02:14 Rachel Steiker
Are you from Santa Monica?

02:15 Erinn Bell
I'm from Inglewood Palisades. I was in both and yeah. Then ended up in Santa Monica.

02:23 Rachel Steiker
Okay, nice. My mom is from Inglewood, so there you go.

02:26 Erinn Bell
Yeah.

02:26 Rachel Steiker
Really?

02:27 Erinn Bell
That's rare.

02:28 Rachel Steiker
Yeah, I know.

02:30 Erinn Bell
Very rare. I love living in Inglewood when I did.

02:34 Rachel Steiker
Yeah, yeah. No, it's, it's great. But yeah, I'm excited to chat with you. I guess before we kind of dive into any like trip planning stuff, I wanted to just like hear more about you and what you do and your community and all of that. So I'll hand it over to you. First.

02:52 Erinn Bell
I, so I work in the film industry and I got into travel because I used to get, well, I still get hiatus weeks and I don't have a lot of downtime Yeah. And things like that. And so my love for travel started very young, wanting to see the world. And I was an athlete, so I traveled to do that as well. Yeah, okay, cool. So getting into, just like, I've want went from wanting to just see the world to more purpose driven travel, because you can go places, you can see them and you come back and you're not really tapping into what it means to immerse yourself in a community. Yeah. So to speak. And I volunteer a lot and it was more about like giving back to a community as well as like being, having a a, an experience where it's memorable every time you go. You know, some people go and they just chase the museums, they do the tours, they're tired, they're waking up early every day. It's like work. Yeah.

03:49 Rachel Steiker
You know?

03:49 Erinn Bell
So learning how to be a traveler versus a tourist with something that I learned going on group trips. My first like major trip by myself or, or with a friend that met me there was to the EU for about three weeks, and I went to like eight or eight to 10 countries. I don't know, it was like some member like that. And it was like a group trip and it was all ages. And they were just like, how old are you? And like, what? Like what are you doing? Who's gonna, like, was the Indian family trying to marry me off? And then there was like, you know, this, this, this teacher and his son is like a, a white, young, white, cool white dude, dude with his like teenage son who was just wanted to be like ears pierced, wanted to be down, you know, like, you know, so funny. My friend who act like she was in a scared straight movie, like she wast taken and I was like, have you traveled before? And you know, and it was just all this like, and then I met people that I'm lifelong friends with. Like, I still see them in the world. And it's just like, there was a spectrum of personalities Yeah. That we spent, you know, weeks together.

05:01 Rachel Steiker
Yeah.

05:01 Erinn Bell
And it was a game changer for, for me. And so that's how I was like, oh, every time I have at least a week I'm going someplace. And then the more I've traveled, the more it's like you could see a place, no matter how far you have to get there in three nights and four days if you do it with intention.

05:17 Rachel Steiker
Yeah, totally.

05:18 Erinn Bell
You know?

05:19 Rachel Steiker
Yeah.

05:19 Erinn Bell
So like, that's my story. And I traveled last month. I had it like a big health scare in 2023, and I had like a ton of tumors and they, it was 60, it was like a major surgery. And I was like, oh, I need to see more of the world. I mean, I had been traveling and I'm, I don't know how 37, 38, I don't even know anymore. I stopped counting. But it's like in the last 10 years I've gone, the trips have been like, oh, I have a week or two off, or have a month off, let's go. And when this health stuff came around, it was like I, if I wasn't at a doctor appointment or at work, I was traveling Yeah. Up until a week before my surgery. And then they went in thinking I had like 20, 30 and I had double the amount. And my recovery was like six to eight months I was on a walker. I was like, you know, life is really short. Yeah. I was already on this like spiritual journey of coming, becoming a better version of myself and just working on my mental, emotional, spiritual health. And that's what travel is for me. And the totality of it all. And that's how you meet, like people that are, you're aligned with, you know, the people that you grew up with and things like that. That can work.

06:22 Rachel Steiker
Yeah.

06:23 Erinn Bell
But for me, it's been the people in the world that have been more aligned with my spirit, my soul, and my thought process. Yeah. You know, and it's not, it is, you don't get to choose that. You know, that's, that's like a connection. And so yeah. With the health stuff, I was like, okay, I'm, I'm really out of here. So it took me about a, a year, my, my shows waited for me. I just felt like I was surrounded with a, a, a lot of blessings. And I, and I have a overthinking, like more like mindset where I have to really let people help me and be open more to like receiving. Yeah. And I had no choice but to do that in like recovery.

07:02 Rachel Steiker
Yeah.

07:03 Erinn Bell
So once I finally recovered last year I left, not even last year, I think, I think it was last year, the surgery was 20 23, 20 24. I spent mostly recovering and working. And then I left for six months. It was supposed to just be a trip to Bali, like eat, pray, love, you know?

07:20 Rachel Steiker
Yeah, yeah, yeah.

07:21 Erinn Bell
Like straight up. And then I was like, oh, well this, the industry is crashing.

07:25 Rachel Steiker
Yeah.

07:25 Erinn Bell
I don't know what my show is coming back. Yeah. I'm not gonna make any money. We've had the pan, we had the, we had the pandemic, we've had two strikes. We're trying to recover from that.

07:36 Rachel Steiker
Yeah.

07:37 Erinn Bell
And I can do it and sit in the house worrying about money or I can just yellow, you know, and I actually spend less money in the world. Especially in Asia.

07:46 Rachel Steiker
Yeah. Oh, absolutely.

07:48 Erinn Bell
I went all over the world for six months.

07:51 Rachel Steiker
Wow.

07:51 Erinn Bell
Last year solo.

07:54 Rachel Steiker
Whoa. Okay. That's, yeah.

07:55 Erinn Bell
Yeah. And I started, yeah, I started with a retreat with my energy healer. It was her first retreat ever. She had partnered with her, now partner with all, for all her retreats. We've done wellness popup events together in California. So that was like my whole Yeah. Immersing like group and travel into one and started planning little trips that were like a local and things like that. So six months of travel came back and I was like, yeah, I'm gonna leave every time. I don't think I meant to stay in the States. Yeah. But what that looks like doesn't necessarily mean like me uprooting everything. I'll probably have a hub here always. Yeah. In the states, east coast and West coast. But it doesn't, and it looks more like community. Yeah. Like shared spaces rather than, you know, you're paying all this money for a space you're not living in. So I've learned a lot of that being in the world. Yeah. You know, and then I just, then I had another surgery literally two weeks ago and it was just as big. They said it was gonna be smaller and it ended up, I got rushed back to the er. It was a whole ordeal.

08:59 Rachel Steiker
Oh man. Sorry about that.

09:01 Erinn Bell
And before that, I was gone up until the surgery, I was in Japan and Yeah. Other places. Right. And it's also better for my health. Yeah. The food, the culture, the totally the wellness is better for my health. Yeah. And so that's, I don't know, that's the big like Yeah. Short version. 'cause it's much longer. But that's the short version of why travel, why do what I do, why I want to teach people how to travel with purpose, with intention, and that it doesn't have to break the bank. I've done it with money. I've done it without money. Yeah.

09:34 Rachel Steiker
You know?

09:34 Erinn Bell
Yeah. I've done it for, I've traveled across the world for just three nights and four days and it was worth it rather than not going at all.

09:41 Rachel Steiker
Yeah.

09:41 Erinn Bell
You don't have a week off from work. What do you have off from work? Yeah. Do it. Yeah. The time that you have is, is the, the world is changing and you don't know when you won't be a part of it.

09:51 Rachel Steiker
Yeah.

09:52 Erinn Bell
So, you know, you gotta live a full life with intention. And so that's my thing. Like every trip doesn't have to be a wellness trip, but it has to be like you are immersing yourself in the experience. Yeah. And so I've learned that waking up early every morning, that's not a trip that I want for anyone that I'm on a trip with. Yeah. It's too much work for them.

10:12 Rachel Steiker
Yeah.

10:12 Erinn Bell
You know, I was with a friend and I'm on the go and it was lightweight, but she was like, what do you mean we're not doing anything today? We have to switch hotels, take a train. And I was like, that's fun. Yeah. But for her it wasn't, she was like, it is busy today. Yeah.

10:25 Rachel Steiker
Yeah.

10:26 Erinn Bell
You know, and I was like, the train ride is two hours, we just pack up, eat breakfast, get on the train and then we just rest. And she was like, no, Erin. No. And so I'm, I'm, it's helped me also with interpersonal skills, my patience.

10:43 Rachel Steiker
Yeah.

10:44 Erinn Bell
You know, just giving people more grace, more, have more compassion and empathy, all those things, you know?

10:51 Rachel Steiker
Yeah. So, Okay. I thank you for sharing. Yeah. All of that.

10:55 Erinn Bell
Yeah.

10:57 Rachel Steiker
I feel like you have a very good perspective about travel and I feel like obviously I'm sure your community sees that and is excited for now this next thing. And I guess, yeah, I wanted to ask you like, how did you land on wanting to host your own trip? Like how did that come about?

11:16 Erinn Bell
Everyone else, they're like, yeah girl, when can I travel with you? Why haven't you, I built a website based off of like teaching people how to travel. Yeah. I saw that. Like essential, yeah. Like essentials and things to do.

11:27 Rachel Steiker
Yeah.

11:27 Erinn Bell
And people call me, I, I used to build trips or save my trips in my notes.

11:32 Rachel Steiker
Okay. Okay.

11:33 Erinn Bell
Sorry if it's noisy, they're doing construction. It's like driving me crazy, but I can't even, so they would ask me, have you been here? And it was like 90% always. Yes. Yeah. And I'm like, oh, I have a note, I'll share it with you. And so I would share the note of places that I went to eat, stay, things that I did and wanted to do all that. And then people were like, you should like turn this into a guide. I was doing like these things just talking about travel. Like, oh, you'd light up, you should plan a trip. It was first like, you should build travel guides. And I was like, okay. But trying to do that all by myself was the issue. Yeah. Transferring 20 page notes or even a four page note into a, a document was a thing. But then I had help. So that was for me traveling. Right. And so I got asked to create trips for people. I did the wellness things and I was like, I wanna do this in the world. Like I want to go to Hot Springs Yeah. In Japan and really, you know, teach people like what that does for your mind, your skin and Thailand mindfulness Yeah. Is their way of healing. Yeah. Like I went there for like post recovery like about a year after my recovery and it's still, you're still recovering. I was swollen for like eight months, you know, so Yeah. Their whole thing was mindfulness. Yeah. You won't, you know, and if you didn't grow up like that, if you want an athlete, if you're not taught that you, it's like a whole new thing. Yeah, totally. So I was asked to plan trips or people would ask to go on trips with me and that's how I came to this. And then I built a website around it and soft launched it because of all the health issues that I had have. And yeah. So now me talking about it, someone's like, you should do Rova. And I was like, what? You know, and I couldn't figure out if I should like be an advisor or like a travel agent Yeah. Or you know, be on the trip. And I'm not, honestly, I don't like people, I'm gonna be honest about that.

13:38 Rachel Steiker
Yeah.

13:39 Erinn Bell
But they like me and what I do enjoy is experiencing people that are in alignment and you know, it's surprising where sometimes I might go in with preconceived notions about what I'm gonna experience. Right, right. And I have a totally different experience. Yeah. People are like, oh, I went here and it was like horrible. And as a black woman traveling alone, you don't know what you're gonna get sometimes. Totally. And it's changed my whole thing from like, I love people, I don't like them, but I like the experiences of people because it changes their perspective. Yeah. Theirs and yours. Yeah.

14:15 Rachel Steiker
You know?

14:16 Erinn Bell
Yeah. It's, it's, it's it good for your soul when you have experiences and it teaches you how to give grace or how to protect yourself in the world. Right. You know, and those are the conversations that people really don't wanna have. And I'm more frank and direct about it. Yeah.

14:31 Rachel Steiker
You know?

14:32 Erinn Bell
Yeah, absolutely. Especially in this climate. So it's just like Rova trip, I don't get to choose, but at the same time I do get to choose because the community that I'm around are people that I would spend time with. Right. So that was my whole thing. Yeah. Like group travel and you might encounter, I have encountered where it's just like, I gotta be on this trip with this person for a week. Where now I was like, if I travel solo, I've gotten off of can you pull the bus over? Yeah, I'm done. Yeah, I'm done. You know? Yeah. And they were like, fuck money, you're not gonna, life is too short. I'm not gonna sitting next to this type of person or that like I'm not doing it. Yeah.

15:10 Rachel Steiker
You know?

15:10 Erinn Bell
Totally. And we have, you know, it's, we have the pre we, the prerogative is ours to really move in a way that is like healthy for our mental and emotional space.

15:21 Rachel Steiker
Yeah.

15:22 Erinn Bell
You know? And it also helps you grow. Like where are you sitting at in this world, you know?

15:26 Rachel Steiker
Yeah.

15:28 Erinn Bell
And I like diversity and, and, and culture, race, ethnicity, heritage. I like it all. Teach me your ways. Like this is how you live. This is that. And so it's not about one this or one that for me it's about just the human experience. Yeah. You know, more so, yeah. And so it shifted from like, I'm not dealing with this to more so like I love people and love the human experience. I don't have to like everybody and like everything and I'm never gonna be that way.

15:54 Rachel Steiker
Yeah.

15:55 Erinn Bell
And I'm direct about it and people are just like, let me struggle with her because she gonna tell you she don't like you, but she gonna make sure you eat. You got everything you need. Yep.

16:02 Rachel Steiker
Yep. Exactly.

16:05 Erinn Bell
I don't care.

16:06 Rachel Steiker
Yeah. No way. I don't blame you. Yeah. Oh my gosh.

16:12 Erinn Bell
Because kindness Is, people are like nice, but I, yeah. Like nice is to benefit you. It's not really it like kindness should be the general sense Yeah. Of how you move, you know? Right. You treat everyone with kindness no matter how you feel. Yeah. You know, and that's just what you should do. Yeah. You know? Totally.

16:28 Rachel Steiker
Yeah. I completely agree. Okay, cool. I guess now follow up to all of this is now thinking more towards trip planning and all of that. Obviously you put the survey out there, you got a really good response. And now I'm just curious, like have you had a chance to look at any of our itineraries and kind of like where is your head at in terms of what trip you wanna Do?

16:53 Erinn Bell
I looked at TI Japan and Thailand would be like the top two. Okay. I know Japan kind of like the back of my hand. Okay. There's a lot of places I haven't been, but there's a lot of places I have been. Yeah. But I didn't see a lot of itineraries that I liked personally. Okay. And the price point was higher than what people wanted to pay.

17:09 Rachel Steiker
Yep.

17:10 Erinn Bell
Whereas Thailand, there were various trips that did align and it was the higher response. Okay. So if I was gonna choose the first trip, it would be Thailand and it would be a leisure Phuket trip. Okay. Or like a Bangkok tchen my experience because they would have like this sleeper train. Yeah. Like I'm, I haven't done that and that was, I was going to do for my birthday in a couple of weeks, but I can't, I can't go anywhere.

17:39 Rachel Steiker
Yeah. Yeah. That's weird Excuse to go.

17:44 Erinn Bell
I can go like outside for a walk maybe with a, with someone with me.

17:48 Rachel Steiker
Yeah.

17:51 Erinn Bell
But I was like, oh, so I'm down for six weeks. I put that trip on hold, but it was, I saw a couple itineraries.

17:57 Rachel Steiker
Okay.

17:58 Erinn Bell
The exploration from Bangkok to Shane Ma.

18:00 Rachel Steiker
Yep.

18:02 Erinn Bell
And there was, I saw some reviews on a couple of trips where there were just like, we got up too early every day. Yeah. I don't, I really, I personally don't want that experience. Yeah. And I, people are new to travel, won't like it, you know.

18:17 Rachel Steiker
Yeah.

18:18 Erinn Bell
I do want trips with a little bit of downtime where they're not waking up every day. Yeah. But I also looked at the out and about in the Land of Smiles Thailand and I think there was a third one.

18:35 Rachel Steiker
Okay.

18:36 Erinn Bell
There was one that was like a food experience from Bangkok ain my, I definitely a foodie. Okay.

18:42 Rachel Steiker
Okay.

18:43 Erinn Bell
I'm writing this out so like, But I don't know, one didn't include the Sleeper Train. I'm trying to find.

18:50 Rachel Steiker
Yes, I believe, let me take a look really quickly.

18:54 Erinn Bell
Oh, the culinary journey in the Land of Smiles.

18:56 Rachel Steiker
Yes.

18:58 Erinn Bell
So those three. Yeah.

18:59 Rachel Steiker
Okay, cool. Me pull that one up really quickly. Yeah, I think the exploration from Bangkok to Chiang Mai is the one that involves a super train, but I could be wrong. It could be the other one I think it is. But okay. So I guess one thing really quickly, I guess in regards to activities and the amount of them and timing and things like that, essentially for all of our trips, like if there's anything you wanna take out, like, so if you wanna make it a little less busy, we can always take activities out that way there is more free time. I will say the Thailand trips are like relatively busy. Obviously each one is different. But I would make sure to kind of look at the day by day and really like, okay, is this something that my community is gonna wanna do or would they rather just have free time in this window? But in terms of like actual timing of things, like once you're on the ground, that's always something you can talk to your local guide about. Just to be like, hey, like we don't wanna get up at the crack of dawn every day. Like obviously, you know, I'm sure certain activities, there might be like a certain time you have to be there, but for the most part I would imagine that like things can probably be a little bit flexible. Okay. So just making sure to like mention that to them. But ultimately, like really the next step from here is just gonna be submitting a trip request. And really all that is, is like we're gonna be selecting the itinerary that you wanna go with selecting dates. And let me show you really quickly, I'm gonna share my screen. That way you can just kind of see where all this is. So when you click into an itinerary in the portal, I'm not sure if you saw this already, so sorry if this is just like a repeat refresher, but if you click on select options here, this is where you'll see all the dates that we have. So right now, this one we don't actually have 20, 27 dates yet. And I do know we should be getting them like really soon. So Okay. There's that. But if you, let's go to like one of the other ones, maybe it'll show there if they have any dates. Gimme one second.

21:06 Erinn Bell
Okay.

21:07 Rachel Steiker
So we, just so you know, we get like a list of set dates that are given to us by our local operating partners. Okay. Yeah. This one has 20, 27 dates. So for instance, and something you'll see here too is like for this itinerary, for example, the out and about and the Land of smiles, the standard is four star accommodations you can upgrade. We do have an option for premium, which is five star accommodations. Obviously that does increase pricing for five star hotels. So Right. We don't have to do that, but scroll down, this is where you'll see all the dates that we have available. Usually for Thailand, we get a lot of options. So dates here. And then as you scroll down, this is where like we're gonna put, if you wanna bring a plus one, so if you wanna bring somebody with you, you know, have a think about that as well. We don't have to know who it is right now. It's more of just like a placeholder. It does impact the pricing of the trip. And then if you and your plus one want two beds, one bed completely up to you, we need to let the operator know that. And then we also offer pre and or post-trip accommodation. So if you and your plus one wanna arrive the day before everybody else, we'll put you up at the hotel the night before. Same thing at the end of the trip. If you wanted to stay a day after it ends, we covered the, the last or at the end of the trip as well. So essentially that is what the trip request will look like. It's really simple, but it really is just gonna come down to like what itinerary do you want and what dates do you wanna go with.

22:34 Erinn Bell
Okay. And when it with airfare, that's not, that's always on our own hosts and travelers.

22:41 Rachel Steiker
Yep, exactly. No, no, no. For the host or sorry, yes for the host and travelers, airfare is not included. That's the one thing that we don't include. But for you as a host and for your plus one, everything on the itinerary is covered. So, okay. All the accommodations included, meals, activities, transfers in between things. Your airport transfers for you and your plus one, all that's included.

23:05 Erinn Bell
Okay. Okay.

23:06 Rachel Steiker
Yeah. But yeah, ultimately it's just gonna come down to, yeah, selecting itineraries, selecting dates. So if you want to, I would say like as a next step, just take a closer look at those itineraries. The other thing too is like if you know you do wanna take some things out, that's something that we'll need to also include in the trip request. 'cause it will impact how the operator prices the trip. So just a heads up on that. But that's kind of like what next steps will be. And once we submit the trip request after that, it's gonna be looking forward to the launch. And once the trip is requested, we do ask that the trip launches within two weeks from that request date, if that timeline works for you. Okay.

23:50 Erinn Bell
What if I so modifying anything, I would do that pre-trip always, even if I said like, I don't want them to wake up early every day or I wanna remove this. That's pre-trip.

24:01 Rachel Steiker
Yes. Aside from like the timing of things, the timing will, okay. That's not gonna impact anything right now. Okay. That's just something that we'll have to like communicate with the operator once the trip actually got closer and like solidifying the like finalized itinerary in terms of like timing of stuff. But yeah, ultimately just need needing to know if there's anything you do wanna remove, that's something we would need to do in the trip request phase.

24:28 Erinn Bell
Okay. So it's like when you're ready to advertise for a trip is when you should put, how fast do these dates go for Like I'm looking at March, April.

24:38 Rachel Steiker
Yeah, March April I would, dates are first come, first served, so, okay. Okay. Usually I suggest, especially if you wanted to do, yeah, like March or April, 2027, I would suggest probably locking that in pretty soon because that's also gonna give yourself more time to sell spots for the trip. 'cause ultimately, like once the trip goes live and launches, just to kind of give you a heads up of like what's to come, once that happens, when the trip goes live and launches, you have to get two bookings within the first two weeks of it being live. That's based off historical success from other hosts. And because dates are first come, first serve, obviously just wanting to make sure that it's something your community once, so two bookings in the first two weeks, the other deadline is 90 days before the trip starts. So 90 days before the trip starts is when you have to have the trip confirmed by that means you have the eight minimum number of travelers required. That's our minimum for the trips. So that kind of goes in line with what I was about to say is that we do plan, like at the very minimum, six months in advance. That's a pretty quick turnaround I would say unless you've, you know, hosted a bunch of trips. I wouldn't do any like shorter than probably eight months in advance. So your timeline sounds pretty good. I have hosts that will plan for like a year out, obviously, you know, completely up to you, but I'd say for a march, April trip, you probably wanna get it out the door, like Yeah, I would say end of the month, beginning of June. That way your community has some time.

26:13 Erinn Bell
Okay, I forgot. Sorry, I've Oh, You're Fine.

26:21 Rachel Steiker
All good.

26:27 Erinn Bell
We have As, as a new host, you can't do anything less than the six, eight month six or eight month timeframe. Right?

26:34 Rachel Steiker
Like you have to Look.

26:35 Erinn Bell
Yeah, yeah.

26:36 Rachel Steiker
Okay. It has to be, it's an absolute minimum of six months. So even for a new host, like again, you totally could, but that would mean that you really technically only have about three months to get people on board and signed up because that deadline is 90 days before the trip starts.

26:52 Erinn Bell
Okay. And then what is, can, can I cap the amount of people or Yeah, Yeah, yeah, yeah.

26:58 Rachel Steiker
You can cap it. Each itinerary, as I'm sure you saw, tells you like the maximum amount of travelers for that trip. However, we can always change it on the back end. So like, yeah. If you wanted like, let's say 14 people max, like we can do that.

27:12 Erinn Bell
Okay. And when you, when you're pricing out a trip and you're like, okay, I want this amount of people, if I get this pe it, it tells you the amount that you would potentially be making from the trip as well?

27:23 Rachel Steiker
Yes. Yeah. Okay. It'll tell you exactly. So once we submit the trip request, essentially the next step is your trip gets priced. You'll be able to see the pricing graph in the portal. That's when you'll go in, you'll choose pricing and I'll send you directions on how to do all of this. And we'll have another call before the launch, but Okay. Ultimately that's where you'll like set up your pricing, you'll save it, you'll walk that in and then you'll set up your trip page. So you'll be able to add like photos to the trip page and edit the description and just make it obviously feel more like you. And then you'll be prompted to set up the launch date from there. So yeah, the portal kind of walks you through all the steps, but that'll happen all post like trip request operators priced it, and then yeah.

28:04 Erinn Bell
After that, How do other hosts, is it just based off their community promote their trips if they have their own websites to do Instagram, TikTok and Yeah.

28:14 Rachel Steiker
Yeah. A mix of all the things, honestly. Okay. I would say probably the most, promote the most place where people promote the most is gonna be Instagram for sure.

28:28 Erinn Bell
Okay.

28:29 Rachel Steiker
But I, I always recommend wherever you have a community, like that's where you should be talking about it. So that could be like an emailing list, TikTok, Instagram, Facebook, YouTube, you name it. Okay. Your own website. Like, I just really recommend putting it out there and getting as many eyes on it as you can. Ultimately, you have emails already collected in your host portal, so those people will actually get like marketing emails from us when your trip goes live. Like we send out an email to let them know that.

29:00 Erinn Bell
Okay.

29:01 Rachel Steiker
So there is some assistance on our end with promotion to that emailing list. So another super important crucial piece is like, I would continue to share your email collection link all the way up into the launch because there might be people that missed the survey and they're interested, they just, you know, missed that the first time around. That way they can add themselves to your list later on.

29:22 Erinn Bell
Okay. Okay.

29:24 Rachel Steiker
But yeah, like I said, like, and I'll include all of this in like a follow up email once we submit the trip request, but I would say as a next step, if you wanna take, you know, maybe the next like day or two to really look at the itineraries, look at the dates, and kind of lock down what you're thinking, then you can just, just let me know and then we can move forward with the request and schedule another call after that.

29:46 Erinn Bell
Okay. Okay.

29:47 Rachel Steiker
Does that work for you?

29:49 Erinn Bell
Yes, that works for me. Okay. Yeah.

29:50 Rachel Steiker
Cool. I guess, do you have any questions before I let you go?

29:56 Erinn Bell
No, I, I went to one of the seminars where a lot of my questions were answered. I've been to the, I think the one, I don't, I'm probably making this up 'cause maybe Bonnie I think did, yeah, Yeah, Bonnie, yeah. Yeah. She, I was, I was on there and I had submitted questions. Cool. And it's in, it's, it's informative and the website is pretty easy to flow, so Cool. I just look into breaking down what two itineraries are, like the top and then decide Okay. While I'm recovering. Okay. And I'll, I'll, I'll probably look at to launching, you know, first week of June. Okay.

30:32 Rachel Steiker
Yeah, that sounds great. Yeah, that's perfect. Well then why don't you keep me posted, like I said, once you've landed on, okay, this is gonna be the itinerary, here are the dates that I want, let me know and then I can submit the trip request for you and then kind of, you know, again, outline all of the next steps and how to price your trip. And I'll send a link. That way we can get something on the calendar ahead of the launch. Okay.

30:55 Erinn Bell
Sounds good. Thank you.

30:56 Rachel Steiker
Of Course, of course. It was so good to meet you. If you need anything, please let me know.

31:02 Erinn Bell
Okay. I probably forgot a lot of stuff. I'm exhausted, but it's all good. I'm like, have a high and a low and it's wild. Yep. But I appreciate this information and I'll, I'll reach out when I'm ready. Okay.

31:16 Rachel Steiker
Okay.","Based on the conversation, here are the next steps/action items for each person:

Erinn Bell (Host):
1. Review and compare the Thailand itineraries in detail over the next day or two:
   - ""Out and About in the Land of Smiles""
   - ""Exploration from Bangkok to Chiang Mai"" (includes sleeper train)
   - ""Culinary Journey in the Land of Smiles""
2. Decide which itinerary to select and which dates to choose (looking at March/April 2027)
3. Determine if any activities should be removed from the selected itinerary
4. Decide on the maximum number of travelers to cap the trip at
5. Continue sharing the email collection link to build the traveler list leading up to launch
6. Notify Rachel once decisions are finalized (likely during recovery period)
7. Plan to launch the trip in the first week of June 2026 (target: 2026-06-01 to 2026-06-07)

Rachel Steiker (TrovaTrip Team):
1. Wait for Erinn to finalize her itinerary selection and date choices
2. Submit the trip request once Erinn provides her decisions
3. Send a follow-up email with:
   - Instructions on how to set up pricing after the trip is priced
   - Information about next steps post-trip request
   - Details about the launch process
4. Schedule another call with Erinn before the launch to walk through:
   - How to review the pricing graph
   - How to set up the trip page
   - How to add photos and edit descriptions
   - Launch procedures
5. Provide ongoing support as needed

Key Deadlines Mentioned:
- Trip launch target: First week of June 2026
- Trip dates being considered: March/April 2027
- Two bookings required within first two weeks of launch
- Minimum 8 travelers required 90 days before trip start date","Erinn Bell is a film industry professional and experienced traveler who is interested in hosting her first TrovaTrip focused on purposeful, wellness-oriented travel. After reviewing itineraries, she's narrowed her focus to Thailand (specifically looking at trips to Phuket, Bangkok to Chiang Mai, and culinary experiences) with a preference for a more relaxed pace that avoids early morning wake-ups every day. She plans to launch her trip in early June 2027 for a March/April 2027 departure, giving her community adequate time to book, and will finalize her itinerary selection and dates within the next few days while recovering from recent surgery.","Based on the conversation, Erinn Bell (the prospect) had the following concerns and objections regarding working with TrovaTrip:

1. Itinerary pricing concerns: She mentioned that some itineraries had price points that were ""higher than what people wanted to pay"" based on her survey responses.

2. Lack of personally appealing itineraries: She stated ""I didn't see a lot of itineraries that I liked personally"" when looking at Japan options.

3. Too many early morning activities: She expressed concern about trips requiring travelers to wake up too early every day, stating ""I saw some reviews on a couple of trips where there were just like, we got up too early every day"" and ""I don't, I really, I personally don't want that experience.""

4. Overly busy schedules: She was concerned about trips being too packed with activities without adequate downtime, mentioning she wants ""trips with a little bit of downtime where they're not waking up every day.""

5. Uncertainty about group composition: She expressed concerns about being ""on this trip with this person for a week"" and not being able to fully choose who she travels with in a group setting.

6. Timeline/date availability concerns: She asked ""how fast do these dates go?"" indicating concern about dates filling up quickly, particularly for her preferred March/April timeframe.

7. Uncertainty about trip modifications: She needed clarification on when and how she could modify itineraries (removing activities, adjusting timing).","Based on the conversation, Erinn Bell (the prospect) is motivated by several key factors:

1. Purpose-driven and meaningful travel experiences - She explicitly states she moved from ""wanting to just see the world to more purpose driven travel"" and emphasizes the importance of ""immersing yourself in a community"" rather than just being a tourist.

2. Health and wellness - After experiencing serious health issues (tumors, major surgeries), she realized ""life is really short"" and became motivated to see more of the world. She mentions that travel, particularly to places like Japan and Thailand, is ""better for my health"" in terms of food, culture, and wellness.

3. Personal growth and spiritual development - She describes being on a ""spiritual journey of becoming a better version of myself"" and working on her ""mental, emotional, spiritual health."" Travel serves this purpose for her.

4. Authentic human connections - She values meeting people who are ""aligned with my spirit, my soul, and my thought process"" and appreciates ""the human experience"" and diversity of cultures.

5. Teaching others how to travel intentionally - She wants to ""teach people how to travel with purpose, with intention, and that it doesn't have to break the bank.""

6. Creating balanced travel experiences - She's motivated to provide trips that aren't exhausting or feel like work, with appropriate downtime, as she learned from her own experiences.","The prospect (Erinn Bell) had a warm, open, and conversational demeanor throughout the call. She was highly engaged, sharing personal stories and experiences freely, which created an authentic and comfortable atmosphere.

Rapport Building:
Rapport was built exceptionally well on this call. The conversation started with a natural connection point when they discovered they both had ties to Southern California, specifically Inglewood, which Erinn noted was ""rare."" This early personal connection set a positive tone. Rachel gave Erinn ample space to share her extensive travel background, health journey, and philosophy about travel, demonstrating genuine interest by listening actively rather than rushing to business matters. The conversation felt more like two people getting to know each other than a transactional business call.

Mood of the Call:
The overall mood was positive, relaxed, and collaborative. Erinn was:
- Candid and authentic: She openly shared vulnerable details about her health challenges, surgeries, and recovery journey
- Passionate: She became animated when discussing travel, describing how she ""lights up"" when talking about it
- Reflective and philosophical: She shared deep insights about the difference between being a traveler versus a tourist, and her personal growth through travel
- Direct but friendly: She was honest about her preferences (e.g., ""I don't like people"" but then explaining the nuance), showing comfort in being herself
- Engaged and curious: She asked relevant questions about the process and showed genuine interest in understanding how TrovaTrip works

Rachel maintained a supportive, patient, and professional demeanor, allowing Erinn to share at her own pace and responding with empathy (e.g., ""Oh man. Sorry about that"" regarding the surgery). The call ended on a positive note with clear next steps and mutual appreciation.","Based on the conversation, Erinn Bell disclosed the following personal details about herself:

1. Location: Lives in Santa Monica, California; originally from Inglewood/Palisades area

2. Age: 37-38 years old (mentioned she stopped counting)

3. Career: Works in the film industry

4. Athletic Background: Was an athlete and traveled for sports when younger

5. Health Issues: 
   - Had a major health scare in 2023 involving tumors
   - Had major surgery where they found 60+ tumors (double the expected amount of 20-30)
   - Recovery took 6-8 months and required using a walker
   - Had another major surgery two weeks before this call (rushed back to ER)
   - Currently in recovery for 6 weeks and can only go outside for walks with someone

6. Travel History:
   - First major solo trip was to the EU for 3 weeks, visiting 8-10 countries
   - Traveled for 6 months solo last year after recovery
   - Has been to Japan multiple times and knows it ""like the back of my hand""
   - Travels frequently during hiatus weeks from work

7. Personal Interests: 
   - Volunteers frequently
   - Works with an energy healer
   - Is a foodie
   - Interested in wellness and purpose-driven travel
   - On a spiritual journey focused on mental, emotional, and spiritual health

8. Family: Mother is from Inglewood

9. Personality Traits: Self-described as direct, frank, overthinking, and someone who has to ""really let people help me and be open more to receiving""

10. Upcoming Birthday: Mentioned having a birthday in a couple of weeks from the call date","Based on the conversation, here are two to three moments where Erinn Bell (the prospect) reacted positively to TrovaTrip's offering and value:

1. Regarding the portal's ease of use:
""I've been to the, I think the one, I don't, I'm probably making this up 'cause maybe Bonnie I think did, yeah, Yeah, Bonnie, yeah. Yeah. She, I was, I was on there and I had submitted questions. Cool. And it's in, it's, it's informative and the website is pretty easy to flow, so Cool.""

2. Expressing readiness to move forward with launching:
""I'll, I'll, I'll probably look at to launching, you know, first week of June."" 
And later: ""Sounds good. Thank you."" followed by ""I appreciate this information and I'll, I'll reach out when I'm ready.""

3. Positive acknowledgment of the process and information provided:
When Rachel explained the next steps, Erinn responded with ""Okay. Sounds good. Thank you."" and ""I appreciate this information and I'll, I'll reach out when I'm ready.""

These moments indicate Erinn's positive reception to TrovaTrip's platform usability, the clear process outlined, and her intention to move forward with hosting a trip.","Yes, the prospect (Erinn Bell) is eager to move forward with TrovaTrip, though with measured enthusiasm. Here are the reasons why:

1. Active Engagement: Erinn has already completed the survey, reviewed itineraries, and attended informational seminars, showing proactive interest in the platform.

2. Clear Trip Planning: She has identified specific destinations (Thailand and Japan) and narrowed down to 2-3 specific itineraries she's interested in, particularly focusing on Thailand trips (Bangkok to Chiang Mai, Phuket leisure trip, and culinary journey).

3. Timeline Commitment: She's planning to launch her trip in the first week of June and is looking at March/April 2027 dates, demonstrating concrete planning.

4. Alignment with Personal Mission: The trip aligns perfectly with her passion for purpose-driven, intentional travel and her desire to teach others how to travel meaningfully without breaking the bank.

5. Community Readiness: She has an established community that has been asking her to plan trips, and she received strong survey responses, particularly for Thailand.

6. Platform Familiarity: She finds the website ""pretty easy to flow"" and has attended seminars where her questions were answered, indicating comfort with the process.

7. Next Steps Clarity: She clearly understands what she needs to do next (review itineraries over the next day or two and then submit a trip request) and commits to reaching out when ready.

The only hesitation appears to be her recent health recovery, but she's working around this and still moving forward with planning.","Based on the conversation, the destinations Erinn Bell (the prospect) wants to visit as it pertains to working with TrovaTrip are:

1. Thailand - This is her top choice for the first trip. She specifically mentioned:
   - Phuket (for a leisure trip)
   - Bangkok to Chiang Mai route (with sleeper train experience)
   - She looked at multiple Thailand itineraries including ""Out and About in the Land of Smiles"" and ""Culinary Journey in the Land of Smiles""

2. Japan - She mentioned this as one of the top two destinations, though she noted she knows Japan ""kind of like the back of my hand"" and didn't see many itineraries she personally liked, with pricing being higher than what people wanted to pay.

Primary destination for her TrovaTrip: Thailand (specifically mentioned as the destination she would choose for her first trip if she had to pick)","Based on the conversation, Erinn Bell's ideal time for a trip is March or April 2027.

Specific quotes supporting this:

1. Erinn asks: ""So it's like when you're ready to advertise for a trip is when you should put, how fast do these dates go for Like I'm looking at March, April.""

2. Rachel confirms this timeline works well, stating: ""Yeah, March April I would, dates are first come, first served, so, okay. Okay. Usually I suggest, especially if you wanted to do, yeah, like March or April, 2027, I would suggest probably locking that in pretty soon""

3. Erinn confirms her launch timeline: ""And I'll, I'll, I'll probably look at to launching, you know, first week of June"" (referring to launching the trip in early June 2026 for a March/April 2027 departure).

This timing aligns with the 8-10 month advance planning window that Rachel recommends for new hosts, giving Erinn adequate time to promote and fill the trip before the 90-day confirmation deadline."
"03:50 Rennie Curran
Hello. How's it going? Good, how are you?

03:55 Emily Gallegos
I'm pretty good. Where are you based?

03:57 Rennie Curran
I'm based in Atlanta, Georgia.

03:59 Emily Gallegos
Okay, cool. How do you like it?

04:01 Rennie Curran
Love it.

04:02 Emily Gallegos
My friend lived there for a couple years and went to Emory and yeah, really enjoyed it.

04:07 Rennie Curran
Okay, nice. Yeah, that's awesome. How about you? Where are you based?

04:10 Emily Gallegos
I'm in Portland, Oregon.

04:11 Rennie Curran
Oh wow. All the way on the other side.

04:14 Emily Gallegos
Gotcha. Zone.

04:16 Rennie Curran
Yeah.

04:18 Emily Gallegos
Well, I'm excited to talk to you about Rova trip today. I'd love to just like hear a little bit about you and how you built your brand.

04:26 Rennie Curran
Yeah, so a little bit about me. Played professional sports for like seven years, bouncing around and through that journey basically got into leadership development. It was always something I had kind of done just with my positions on the team. Like I was typically in a leadership position, so spoke a lot and would do post game interviews, would speak to a lot of young kids, just inspiring them to not give up on their dreams and, and you know, focus on character, things like that. And then as I like bounced around, I started speaking to more schools and then eventually like community organizations, like rotary clubs and churches. And then met some other mentors that taught me the business side of speaking and so continue to grow my brand from there. Became an author, have two books now and then, yeah, eventually got into coaching as well. So life and business coaching, got certified there and then started working with small business owners and entrepreneurs and other high performers who were like either transitioning or they're trying to build their personal brand. So that was from like the span of 2012 to 2017 and I ended up tearing my Patel attendant in 2017 and been full-time. Yeah. Ever, ever since. So I work with every, pretty much every industry just 'cause leadership is agnostic, things like leadership and teamwork and whatnot. So I've done everything from keynotes to corporate training workshops, executive coaching, and do conferences and you know, have hosted my own events and do networking events as well. So yeah, full-time entrepreneur but in the leadership development space.

06:08 Emily Gallegos
Wow, good for you. It sounds like you've done a lot in life.

06:13 Rennie Curran
Yeah, trying far so good.

06:15 Emily Gallegos
So when did you retire from professional sports?

06:18 Rennie Curran
So I ended 2017 once I had that injury.

06:21 Emily Gallegos
Yeah.

06:22 Rennie Curran
And everything. Yeah. That was my sign to move on, so Yeah.

06:24 Emily Gallegos
That's a brutal injury.

06:26 Rennie Curran
Yeah, it was. It was tough but I was, I was thankful I, I had already kind of mentally outgrown it anyways. It was just like, you know, you try to hang on to something that's familiar Of course Of, yeah. So I was glad. I mean that was the only way I would've gotten out of it if it weren't for that injury and everything. Yeah, Yeah, totally.

06:44 Emily Gallegos
It sounds like you've done a lot, I feel like retiring from professional sports must be hard to like pivot, but it sounds like you were just already setting yourself up for a lot of other possibilities and like you said, leadership and Definitely Kids. That's, that's really cool.

07:00 Rennie Curran
Thank you. Thank you. Good for you. How about you? What's your, what's your background? I'd love to hear you.

07:05 Emily Gallegos
I grew up in Colorado. Okay. Moved to Oregon in 2018 and yeah, I've worked at TR trip for almost four years, but I have a background in journalism.

07:15 Rennie Curran
Nice.

07:16 Emily Gallegos
So done some writing stuff and, but I love to travel so I was like teaching Spanish and or teaching English in Spain and like was moving back to the US and found this company that's a travel company and it happened to be in Portland where I lived before Madrid and anyway. Wow. It was, it was a fun, this job was a fun thing to find because it, like I said, I like travel and it was nice to have a job in travel.

07:45 Rennie Curran
Yeah, very cool.

07:47 Emily Gallegos
So yeah, I'll kind of just explain the whole process of how Trip Trip works and we can decide if it's a good fit, but it's totally informal so just feel free to interrupt with any questions. Sure. So we are group travel company. So this would be an opportunity for you to travel with the audience you've built on social media. Is that something you would be interested in, like traveling with your followers?

08:12 Rennie Curran
Yeah, a hundred percent.

08:14 Emily Gallegos
Okay, cool. What destinations are you curious about?

08:19 Rennie Curran
Man, honestly there's no telling. I mean, still connected to a lot of sports fans of course and you know, and then that is basically gonna be like a LinkedIn for former athletes.

08:33 Emily Gallegos
Oh cool.

08:34 Rennie Curran
So Yeah, so one of the things that I'm looking at is trading events that, you know, were we, I mean we already get invited to a lot of events anyways, whether it's like charity golf tournaments or you know, travel vacation destination type things or, or even just games and invited back to games. So that could be something cool not only with this, but just like in, in partnership with you guys potentially as well.

09:01 Emily Gallegos
Yeah, that would be amazing to like invite former athletes or friends on a trip. Yeah, that's a good idea. It'd be, it'd be nice to like bond and like Yeah, have a trip outside of the LinkedIn like app.

09:15 Rennie Curran
Right.

09:17 Emily Gallegos
That's a, that's a really good idea. But yeah, just kind of the logistics, how we started as a company is we were originally originally working with like yoga instructors and fitness trainers and Got it. Basically people who wanted to run group trips and retreats, but they're just having a hard time with all of the logistics because you have to figure out the hotels and the food and transportation. So that's kind of where we step in as a company. We take care of all the logistics and then our role is really just talking to your audience about your trip and, and having them join.

09:51 Rennie Curran
Nice.

09:51 Emily Gallegos
We plan our trips eight to 12 months in advance.

09:55 Rennie Curran
Oh wow.

09:55 Emily Gallegos
So at this point we'd be kind of looking at next maybe like late this fall at the earliest but like into spring and summer of next year. Yeah. And then you do need at least eight people to sign up for the trip in order for it to operate. That's typically like a travel industry-wide thing with group trips And then yeah, we operate in 50 different countries and have over 150 different itineraries. I would imagine like professional athletes are used to like some level of luxury. So we do, we do have like five star hotel options, so Nice.

10:34 Rennie Curran
Definitely look at that.

10:36 Emily Gallegos
Okay. We have an option to survey your audience or like I said, like former athletes. It depends on kind of who you want to invite to something like this, but it's an opportunity for them to weigh in and tell you where they want to go instead of you just kind of planning in the dark and trying to guess.

10:55 Rennie Curran
Right.

10:56 Emily Gallegos
The best destination you, it's a survey that is connected to your account takes two minutes and it's just ask them where they want to go, what time of year, what their budget is so I can, I think that can be really be beneficial for you. Sure. And I would recommend it. Would that be something that would be helpful for you?

11:15 Rennie Curran
Yeah.

11:16 Emily Gallegos
Okay, cool. I can send you the survey link and kind of some examples of people talking about the trips. And then we work with operators around the world who are on the ground running the trips. So you have a local guide with you. So if you're in a country where you don't know the language, they're there to help you and just be the experts of their country.

11:42 Rennie Curran
So that's cool. Okay.

11:45 Emily Gallegos
And then this is a paid opportunity so the operators come back with a base cost and then you add a margin on top of that so you are in control of your earnings. So basically you can charge kind of whatever you want, but it is like, I'll kind of guide you in the sense of like, you don't wanna outprice your people but again professional athletes probably can afford it. Yeah, For sure. You can kind of discuss that. Is there like a certain amount you're looking to earn from something like this?

12:15 Rennie Curran
No, I mean it, it would just be a really cool experience to, to do and cool thing for me. I mean, you know, I, I teach a lot of different things. I mean personal branding, public speaking, career transitioning. Right. I mean most people probably career transition probably won't wanna go on vacation, but there are people who, or they might, I don't know, they, they may be thinking about transition careers. Like I, I'm finding a lot of people who are like trying to find like a sense of purpose and meaning they, they're maybe making a lot of money and like they just, they're lost.

12:48 Emily Gallegos
Yes.

12:49 Rennie Curran
So that could be like a really cool retreat to take people on. And then there's those people who they want to have more impact. Like they want to be speakers, they wanna do what I'm doing. And I think that could be those two would be the ones that I would probably run with and, and build and experience around that.

13:06 Emily Gallegos
I think that's an amazing idea. I feel like as you were talking about, yeah. That transition from being a athlete just seems challenging. I feel like I've, my partner's really into sports and I'm always like, what? It seems like that transition after being a professional athlete just seems tough. So I just feel like having that, having we, we have retreats that have workshop space and so we could get and lectures and people could kind of connect and Yeah. Talk their like transition outta being an athlete. So I could see that being a really unique retreat opportunity.

13:39 Rennie Curran
Oh yeah. And the cool thing about that is it's a universal experience, right? Like there's a lot of people losing their jobs, AI and different things like that. Totally been with the same company for 20, 30 years. So it's very, very similar in everything. Yes.

13:53 Emily Gallegos
Relatable. Just like a career loss basically.

13:56 Rennie Curran
Right, Right, right, right. But yeah, I down Smart.

14:00 Emily Gallegos
Okay. I'll send you like a survey and kind of give you directions, but basically like typically creators and whoever we work with will share it on social media and just say like, I'm interested in planning a group trip. I'd love to hear where you want to go. So fill out this two minute survey and, and tell me which countries you wanna go to. Okay. So that's kind of what I recommend. Yeah. And then do you have a day that you usually like share more on your social media or is there a day that you'd wanna share the survey?

14:35 Rennie Curran
I think like Tuesdays and Wednesdays are typically good. Okay.

14:38 Emily Gallegos
Do you wanna try sharing it next week?

14:42 Rennie Curran
Yeah, we test it out. See. And so is this a way to kind of like test the market and test my audience to see, or I, I think it's a great way to just kind of see how your audience reacts.

14:50 Emily Gallegos
Like not everyone wants to fill out a survey so it's not like a perfect sign.

14:54 Rennie Curran
Right.

14:56 Emily Gallegos
But I do think it's a really great way to just kind of engage with your audience about something new like this. By the way, the trip trip is free for you and a plus one so you can bring one as well. But I will say, oh also we don't cover flights. I just want to make that clear. Yeah. But we do offer a earnings advance help cover your flight. So just wanted, oh, forgot to mention that. And that's important. I, anyway, the survey is just a great way to kind of gauge like, is your audience interested in something like this? And if they are and you're getting a lot of responses, then I think that's a good sign to say like, yeah, this could be a really good opportunity. But I think it's a good way to make sure you're not like wasting your time and and seeing if it's right, the right move.

15:44 Rennie Curran
For sure. For sure. And then with the survey, like is there like a graphic that comes with it or is just a link?

15:52 Emily Gallegos
Yeah, I can show you an example of what It's Okay.

15:54 Rennie Curran
Yeah, that's perfect.

15:59 Emily Gallegos
One second. So I'll just show you another, I work with a creator who's like does outdoor trips for women and so she filled out her survey again, I feel like there was an era where more people were willing to share a survey. So I don't see people getting like this many surveys much anymore. But anyway, she had people fill it out and then you can view results. People wanting to go to Alaska, like I said, she has an outdoor platform, so Iceland, so you can see like where people wanna go, what time of year, what their budget is down here. And then the survey I'll show you looks like this. So it's like they put in their name and email, they can put in their, if they want, don't have to, and then it's taking a minute to load, but they can say, oh, I'm like really interested in going to Japan and I want to go in June and my budget is $3,500, excluding, excluding flights. That kind of thing. And then you can see all that data come in in real time.

17:11 Rennie Curran
Very cool. I love that.

17:13 Emily Gallegos
Yeah, like I said, I think it's a nice way to just like use data instead of trying to get Right, right, right, right.

17:20 Rennie Curran
Yeah.

17:22 Emily Gallegos
Sorry, what?

17:23 Rennie Curran
No, no, I said that's dope. I, yeah, I, I mean, got nothing to lose. I'll test it, I'll test it out.

17:28 Emily Gallegos
I Think, yeah, there's really nothing to lose. Yeah. It's always worth a shot. Do you wanna try sharing it next Tuesday or Wednesday?

17:36 Rennie Curran
Yeah, Let's do it. Okay.

17:38 Emily Gallegos
I'll put, I'll put something in the calendar for you to share on Tuesday.

17:42 Rennie Curran
Okay. I'll just say survey, Just send it, send it over to my assistant and have her do it. Cool. I don't have to worry about it. Just, yeah, put it out there, see what happens.

17:52 Emily Gallegos
Okay. And then I would say we should plan a follow up call just to like look at the numbers and see how it went. Yeah. And if you're like, I need more time or like, I don't know if this is the fit, then we can cancel the call. I usually just suggest getting something in the calendar For sure.

18:10 Rennie Curran
For sure. And then what, oh go ahead.

18:14 Emily Gallegos
Oh, I was just say we could do it like next week after you share or I usually recommend sharing the survey a couple of times. Okay. So we could meet like the week of the 11th or something.

18:25 Rennie Curran
Got it. Okay, cool.

18:28 Emily Gallegos
Is there a good day that week to connect?

18:31 Rennie Curran
Look at the 11th. Pretty free. Lemme see the 12th. 12th, cool.

18:40 Emily Gallegos
Yeah.

18:42 Rennie Curran
Hmm.

18:44 Emily Gallegos
Let's see. Is this typically a good time for you?

18:48 Rennie Curran
Yeah.

18:49 Emily Gallegos
Okay. That's, I think it's 1112, 1:00 PM for you. Do you have any questions? I feel like I kind of blasted through a lot of information.

19:07 Rennie Curran
Oh, so you said you guys take care of the logistics payments, like everything, so Yeah, so it's kind of, it's a lot.

19:15 Emily Gallegos
If you ever wanted to want run retreats in life, it's nice because this is just a nice way to not have to do a lot. Like I will say it is, it takes time on your end to like tell people about the trip. Yeah. Your role will be marketing the trip, but our role just taking care of all the logistics.

19:34 Rennie Curran
Got it. Yeah. Got it, got it, got it. Okay, Cool.

19:36 Emily Gallegos
And then I'll be your main point person to I'll, my role will be helping you sell the spots on your trip and I try to get you as many spots booked as possible 'cause you make more money if you do that Right. But we'll just kind of take it step by step and kind of thing. But I would just start with the survey, see if people are into it, and then on our follow up call we can, we can check things out.

20:02 Rennie Curran
Very cool. And then one other question have with the creators you work with, have any of them ever brought in sponsors for these trips?

20:12 Emily Gallegos
I, I feel like in the beginning when I started that was kind of happening. But I guess like what would you imagine that looking like?

20:19 Rennie Curran
Imagine Like, mm, I guess say we're going to, I don't know, a trip before a game weekend or something like that. Like so a part of the trip could be sponsored by a company either in that area or a company that's aligned with the sports team or something like that.

20:39 Emily Gallegos
That would be cool. The only thing is most of our domestic trips are like camping and hiking. So most of our trips are international, but if there's any international team situation, but Never know.

20:54 Rennie Curran
But no, I just had that thought.

20:55 Emily Gallegos
No, that's cool. I like that. Yeah, I'm sure. Yeah, if you could find like a situation that was more international, it could work. But like I said, for right now we don't really have like retreat style itineraries in the us.

21:10 Rennie Curran
Got it. Got it. Okay. And then another question I have is, I know once I execute one of these, I'll probably have people asking, do you guys do any type of referral programs?

21:20 Emily Gallegos
We do, yeah. If you refer someone that also confirms a trip and confirms meaning getting those eight people booked on, they get a thousand dollars and you get a thousand dollars. Nice. And you can refer as many people as you want. So Okay, I'll sign, I'll make you an account and you'll, I'll send you your referral link, like if you think of anyone. Okay.

21:40 Rennie Curran
For sure. That sense.

21:43 Emily Gallegos
Cool.

21:44 Rennie Curran
Yeah.

21:45 Emily Gallegos
Oh, So nice to meet you. Renny, do you have any other questions?

21:47 Rennie Curran
Yes, I think I'm good for now. I'll email you if I think of anything else.

21:53 Emily Gallegos
Yeah, I'll send you a follow-up email with like the survey information, your referral link. And if anything comes up just let me know.

22:00 Rennie Curran
Will do.

22:01 Emily Gallegos
I'll working with you.

22:02 Rennie Curran
Yes, likewise.

22:04 Emily Gallegos
Cool. All right, talk to you soon. Have a good day.

22:06 Rennie Curran
You too. Have a good one.

22:07 Emily Gallegos
Okay, Bye.

22:08 Rennie Curran
Bye.","Based on the conversation, here are the next steps/action items for each person:

Emily Gallegos (TrovaTrip Representative):
1. Send Rennie a follow-up email containing:
   - The survey link for his audience
   - Examples of people talking about trips
   - His referral link
   - Survey graphic/visual materials
2. Send the survey information to Rennie's assistant
3. Schedule a follow-up call for the week of June 11, 2026 (specifically around June 12, 2026 at 1:00 PM Rennie's time)
4. Create an account for Rennie in the TrovaTrip system
5. Put a reminder in the calendar for Rennie to share the survey on Tuesday, June 4, 2026

Rennie Curran:
1. Share the survey with his audience on Tuesday, June 4, 2026 (or Wednesday, June 5, 2026)
2. Forward the survey information to his assistant to handle posting
3. Share the survey multiple times to gather responses
4. Review survey results before the follow-up call
5. Attend the follow-up call scheduled for the week of June 11, 2026 to review the survey results and discuss next steps
6. Email Emily if any questions come up before the follow-up call

Rennie's Assistant:
1. Post the survey on Rennie's social media channels on Tuesday, June 4, 2026 (or Wednesday, June 5, 2026)","Rennie Curran, a former professional athlete turned leadership development coach and speaker, expressed strong interest in hosting group trips with TrovaTrip for his audience of former athletes and professionals in career transition. He sees potential in creating retreat-style experiences focused on career transitioning, finding purpose, and personal branding development. Rennie agreed to share a survey with his audience next Tuesday/Wednesday to gauge interest and destinations, and scheduled a follow-up call for the week of the 11th to review results and next steps. He demonstrated clear intent to move forward by committing to test the concept and asking strategic questions about sponsorships and referral programs.","Based on the conversation, Rennie Curran did not express any significant concerns or objections about working with TrovaTrip. The conversation was very positive and collaborative throughout.

The only clarifying questions he asked were:

1. Clarification about logistics and payments - He asked ""so you said you guys take care of the logistics payments, like everything"" - but this was more of a confirmation question rather than a concern or objection. Emily confirmed that TrovaTrip handles all logistics.

2. Question about sponsors - He asked if any creators had brought in sponsors for trips, wondering if a company could sponsor part of a trip. This was more of an exploratory question about additional opportunities rather than an objection.

3. Question about referral programs - He asked if TrovaTrip has referral programs, which Emily confirmed they do ($1,000 for both parties when a referral confirms a trip).

Overall, Rennie was enthusiastic throughout the call, saying things like ""Yeah, a hundred percent"" when asked if he'd be interested in traveling with his followers, ""I love that"" about the survey feature, and ""got nothing to lose. I'll test it out"" when committing to share the survey. He did not raise any concerns or objections about working with TrovaTrip.","Based on the conversation, the prospect (Rennie Curran) appears to be motivated by several factors:

1. Creating meaningful experiences for his audience - He mentions wanting to help people who are ""trying to find like a sense of purpose and meaning"" and those who ""want to have more impact.""

2. Serving people in career transition - He specifically mentions working with people transitioning careers, noting ""I'm finding a lot of people who are like trying to find like a sense of purpose and meaning they're maybe making a lot of money and like they just, they're lost.""

3. Building community and connection - He's interested in creating experiences for former athletes and mentions building ""a LinkedIn for former athletes"" and hosting events where people can bond.

4. Expanding his business offerings - He sees this as ""a really cool experience to do and cool thing for me"" and mentions it could complement his existing work in personal branding, public speaking, and career transitioning.

5. Low-risk opportunity testing - He states ""got nothing to lose. I'll test it, I'll test it out,"" suggesting he's motivated by trying new opportunities with minimal downside.

While financial earnings are discussed, Rennie explicitly states he has no specific earnings target (""No, I mean it would just be a really cool experience to do""), suggesting money is not his primary motivator for this particular opportunity.","The prospect, Rennie Curran, displayed a very positive and engaged demeanor throughout the call. His mood was:

Demeanor:
- Friendly and conversational from the start
- Open and enthusiastic about the opportunity (""Yeah, a hundred percent"" when asked about traveling with followers)
- Collaborative and thoughtful, asking strategic questions about sponsors and referrals
- Willing to experiment (""got nothing to lose. I'll test it, I'll test it out"")
- Professional yet relaxed

Rapport Building:
Strong rapport was established on this call through several elements:
- Natural small talk at the beginning about their respective locations (Atlanta vs. Portland)
- Mutual interest in each other's backgrounds - Emily asked about Rennie's sports career and transition, while Rennie asked about Emily's background
- Emily showed genuine interest in Rennie's story and validated his ideas (""I think that's an amazing idea"")
- Rennie reciprocated by asking Emily about herself (""How about you? What's your, what's your background?"")
- Both parties were engaged and responsive to each other

Overall Mood:
The call had a positive, collaborative, and exploratory tone. It felt like a genuine conversation rather than a hard sales pitch. Rennie seemed genuinely interested in the concept, asked thoughtful strategic questions (about sponsors, referrals), and was ready to move forward with testing the survey. The interaction was warm, professional, and mutually respectful, ending on a positive note with both parties looking forward to working together.","Based on the conversation, here are the personal details Rennie Curran (the prospect) disclosed about himself:

1. Location: Based in Atlanta, Georgia

2. Professional Background: 
   - Played professional sports for approximately 7 years
   - Retired from professional sports in 2017 after tearing his patellar tendon
   - Held leadership positions on his teams

3. Current Career:
   - Full-time entrepreneur in the leadership development space (since 2017)
   - Speaker (does keynotes, corporate training workshops, conferences)
   - Author of two books
   - Life and business coach (certified)
   - Works with small business owners, entrepreneurs, and high performers
   - Helps people with career transitioning and building personal brands

4. Speaking Experience:
   - Speaks to schools, community organizations, rotary clubs, and churches
   - Does post-game interviews
   - Hosts his own events and networking events

5. New Venture:
   - Working on creating what he described as ""a LinkedIn for former athletes""

6. Professional Network:
   - Still connected to many sports fans
   - Gets invited to charity golf tournaments, vacation destinations, and games

7. Teaching Focus: Personal branding, public speaking, and career transitioning","Based on the conversation, here are two to three moments where Rennie Curran (the prospect) reacted positively to TrovaTrip's offering and value:

1. When learning about the survey feature to gauge audience interest:
   - ""Very cool. I love that.""
   - ""No, no, I said that's dope. I, yeah, I mean, got nothing to lose. I'll test it, I'll test it out.""

2. When initially asked about traveling with his audience:
   - Emily asked: ""Is that something you would be interested in, like traveling with your followers?""
   - Rennie responded: ""Yeah, a hundred percent.""

3. When learning about the referral program:
   - After Emily explained the $1,000 referral program, Rennie said: ""Nice."" and ""Okay, I'll sign, I'll make you an account and you'll, I'll send you your referral link, like if you think of anyone."" Rennie responded: ""For sure. That sense.""

These moments show Rennie's enthusiasm about the survey tool for audience engagement, his immediate interest in the concept of group travel with his followers, and his positive reaction to the referral program opportunity.","Yes, the prospect (Rennie Curran) is eager to move forward with TrovaTrip. Here are the reasons why:

1. Immediate positive response: When asked if he'd be interested in traveling with his followers, Rennie responded ""Yeah, a hundred percent,"" showing strong initial interest.

2. Already has relevant ideas: He immediately identified potential audiences for trips, including former athletes through his LinkedIn-like platform for athletes, and people going through career transitions or seeking more impact in their lives.

3. Willing to test the market: When Emily suggested sharing the survey, he agreed without hesitation: ""Yeah, we test it out"" and ""got nothing to lose. I'll test it, I'll test it out.""

4. Delegating to make it happen: He mentioned he would send the survey to his assistant to handle, showing he's taking action and integrating this into his workflow.

5. Thinking strategically about opportunities: He asked proactive questions about sponsorships and referral programs, indicating he's already thinking about how to maximize the opportunity and scale it.

6. Agreed to follow-up: He readily agreed to schedule a follow-up call for the week of the 11th to review survey results.

7. Positive engagement throughout: His responses were consistently enthusiastic (""Very cool. I love that,"" ""That's dope,"" ""For sure"") and he showed genuine interest in the logistics and possibilities.

The prospect demonstrated clear intent to move forward by agreeing to share the survey next Tuesday/Wednesday and scheduling a follow-up call.","Based on the conversation, the prospect (Rennie Curran) did not specify any particular destinations he wants to visit. When Emily asked ""What destinations are you curious about?"", Rennie responded ""Man, honestly there's no telling.""

Instead of naming specific destinations, Rennie discussed the types of trips he might organize:
1. Trips connected to sports events (charity golf tournaments, games, vacation destinations)
2. Retreats for people going through career transitions
3. Retreats for people who want to become speakers or have more impact

Rennie indicated he would use the survey tool to let his audience (former athletes, people interested in leadership development, career transitioners, aspiring speakers) tell him where they want to go rather than choosing destinations himself.

No specific destinations were mentioned by the prospect.","Based on the conversation, the prospect (Rennie Curran) did not explicitly state his ideal time for a trip. 

Emily Gallegos mentioned that ""We plan our trips eight to 12 months in advance"" and indicated they would be ""looking at next maybe like late this fall at the earliest but like into spring and summer of next year.""

However, Rennie did not specify a preferred time of year or season for his trip. The only timing-related information he provided was about when he typically shares content on social media, stating: ""I think like Tuesdays and Wednesdays are typically good"" - but this was in reference to when he would share the survey, not when he would want to travel.

The prospect's ideal trip timing was not discussed or determined in this conversation."
"00:07 Rachel Gillette
Hi, how are you?

00:11 Frankie Ruiz
Good and you?

00:12 Rachel Gillette
Good. Good. Are you Carla?

00:14 Frankie Ruiz
I'm Carla. I know, I'm I Oh, 'cause I'm in the, I'm in Frankie's.

00:19 Rachel Gillette
Yeah.

00:19 Frankie Ruiz
Yeah.

00:19 Rachel Gillette
I, I figured. But Frankie could be a girl's name too. True.

00:23 Frankie Ruiz
You know, it'll just be me just getting information to pass on to him.

00:28 Rachel Gillette
Okay. Perfect. Well, you're, yes I am. Yes I am. And are you are with, we Run the City, you and Frankie? Both. Okay, wonderful. And tell me a little bit about, we Run the City. I don't really know much about you guys.

00:47 Frankie Ruiz
Okay. So Run the City is basically a brand that we created to host two of his business ventures. So one is Run clubs. He has a network of 12 run clubs with the largest ones being Brickle Run Club, a thousand runners every week, south Beach 250. And then Dural 150. Incredible. Like on the lower side, I think a couple of them have about a hundred. But yeah, they just go, they're just smaller right now. The, the largest one is very far Brickle. That's almost like, where are you, where are you from?

01:17 Rachel Gillette
I'm In Portland, Oregon.

01:19 Frankie Ruiz
In Portland. Okay. So it is like if you come to Miami, you have to go to Brick or Run Club. Okay. But Brick is just like, it's out of this world 'cause it's a thousand runners running for Wow.

01:31 Rachel Gillette
Wow. Incredible.

01:32 Frankie Ruiz
Yeah. So he, he organizes that, he started that run club 17, 18 years ago and it's still going strong. So there's basically a run club in the city ev from Monday through Thursday at least one or sometimes two run clubs at the same time. They're different parts of the city, so it's not conflicting, but we always meet at 7:00 PM different locations, always Monday through Thursday, 7:00 PM That's been the formula. So he has kind of like a following through that. Like he's known in the community as, it's like the, at the, like the run club of all run clubs. Right, right. Especially now, like after COVID there were so many run clubs that popped up in this all over the world, but specifically Miami and at least Bricka Run Club is kind of like the meeting spot where all the run clubs go and there's no competition. It's, you know, run clubs are always free, open to anyone and everyone. We have three waves through paces. So from the Walker to their fast runner, they can go. So I, with the run clubs and then on the other side under, we run the city, he has races. So he puts together, he organizes about 25 KA year for different clients. So some of them are his own, like he has a, a series of three, 5K are in an airport, which is pretty cool. Like Megan putting off one runway and you have a couple runners running there. It's pretty cool.

02:53 Rachel Gillette
Cool.

02:53 Frankie Ruiz
And the other races are more for like corporate clients, kinda like a hospital, an organization trying to raise funds and awareness for a cost and things like that. So that's on the raise side. On the, I mean the reason why I'm interested about this is because Frankie is really the, I think the, the perfect profile to do something like this. And I know that he's thought about organizing trips and he into adventure and trail running and all of that. 'cause as a, as a personality, he has a following within the running community in Miami. Yeah. He started the Miami Marathon 20 years ago. He's still involved in, in organizing that. He's still kind like the base of the Miami Marathon and what else? So that's on the Miami Marathon side, the racists, the run clubs. Oh. And he's also a cross country coach for Berlin, which is a school, a high school private school for boys where he went to school and then he just stayed on coaching for also another 20 years. That's Really neat. And they've won a lot of state title. Well no state titles. I think they're on their 12th consecutive year winning that. But at the national level, I think they just broke the mark. So they, they've really, you know, they, especially him as a coach, he's gotten a lot of attention because he has a really strong team. That's awesome. Yeah, I would say like a running community running coach is what he's doing.

04:17 Rachel Gillette
Yeah, no, it's helpful to get a better understanding. And I, I do see his profile here, so I I, I have a good, a good handle, but I wanted to learn a little bit more about the organization 'cause that's, yeah. That helps me understand the community to understand what, what would serve you well in terms of a group trip and a destination itinerary.

04:40 Frankie Ruiz
Yeah. So How you guys worked. Yeah. If you can gimme more detail about your organization.

04:45 Rachel Gillette
Yeah, you bet. I will go ahead and share my screen Before we go there.

04:49 Frankie Ruiz
I guess I can, I can tell you a little bit about some of the adventures or trips, if you will, that he's planned.

04:54 Rachel Gillette
Yeah, please do.

04:55 Frankie Ruiz
Obviously local, nothing, he hasn't taken any trips other than with his, his cross country kids. The team, they do go to Flags staff for one month a year to train at Altitude. They used to go to Carolina, now it's Flagstaff. And yeah, so that's, I know that he's done that. But then with the Run club specifically, he's done running like a, not during the week, but more on a Saturday morning at night run in the Everglades, which is our fourth.

05:23 Rachel Gillette
Yeah, Yeah.

05:25 Frankie Ruiz
It's like an hour outside of the city hour, an hour and a half outside of the city. Most people that live in Miami have years living in Miami, have not gone there because you can only go really during the winter. It's like November, December to April. We were there last on Sunday and it was already too hot and mosquitoes are just there. Yeah. But yeah, so he planned that trip. We rented buses and a lot of people went. It was a free trip sponsored by Baptist Health, which is our main sponsor for the wrong clubs. So yeah, that was a great adventure. And I know it's, he has things like that in mind, but not a whole lot of time or infrastructure I think to build it.

06:03 Rachel Gillette
No, that makes sense. And I am a little bit familiar because I volunteered or I worked for Bike Florida for a tour. So I did, helped run a bike race. It was more like St. Petersburg, Titusville, but I've been a little bit here barely, but kind of understand the climate. Okay, that's helpful. I'll share my screen and first I'll go through just what TRO Tripp is in general and then I'll explain how we've worked with clubs like yours. We've worked with run clubs, tons of hiking communities and clubs that have multiple chapters. So we're familiar with working with like different chapters and different chapters all over the US and incorporating kind of like the elements of what you'd wanna do in a destination abroad with keeping to the heart of the organization. So there's some of the flavor of what the reason why you joined the club. So like a nice mixture. So I think I'll, I'll circle back to like how I see this being adapted for your purposes. So Tova Trip is a travel company. We've been around since 2017. We've worked with over 800 communities and launched thousands and thousands of trips. We are in 50 different countries and our model is pretty turnkey. So we have over 150 itineraries that are ready to go. And when I say ready to go, I mean that we already have operator partners in place that come with a guide and we have a set number of activities that are included and dates and accommodations associated. So while there's lots of room for adapting to fit your group, basically the structure of the trip is already ready to go. Which is honestly the reason why most communities choose to partner with us because then they're not doing their own research trying to source vendors accommodations, et cetera. They can just start to like add some runs or add a group dinner or outing and basically just work with the infrastructure and then build out from there.

08:20 Frankie Ruiz
Got it.

08:21 Rachel Gillette
We are primarily community based. That's really the only way we want to operate. So while revenue is a big part of it, at the heartbeat of every trip, we really want our hosts and their travelers to be mostly interested in connecting with their community. So, so your, your community in general is already like that, like you guys are already very community focused as opposed to only revenue focused. Yeah, so that's, that's important to us because authenticity and creating safe experiences for different groups all over the world is, is something that's really important to our brand. With that, there is obviously a different revenue, another revenue stream opportunity. You do have the ability to set your own revenue and essentially mark up the trips to make sure that they're worth your time because we know they'll still be, even with us planning and coordinating everything, it's still gonna be a lot of work on your end, just of the communication piece alone and then obviously bringing your staff to be there in person and be present In terms of how we operate, TRO Atrip is a small and mighty team here in Portland, Oregon. So we have myself, I'd be working directly with you, Frankie, and your community to plan this trip and work with you to help with the marketing. We have a marketing team that can help with email campaigns. We have a finance team that's gonna handle accepting all the payments from the travelers, paying out your earnings. And then we also have a trip coordination team and they work directly with the operator to make sure everything's all set. So everyone has their visas, their rooming assignments, all the i's are dotted, t's are crossed and everything that you need prior to the trip. And then a customer support team that's gonna work directly with book travelers so that you don't have to be the only go-to for the trip will be able to work with them and be their, their source of truth and answer all their questions leading up to the trip itself. Then we have our operators and those are our partners boots on the ground. So in every destination we have an operator who operates locally and so they're the ones who work with our trip designer to develop these unique itineraries based on the local vendors that they have partnered with and have seen success. And so we're, we can really stand behind all of the activities that are gonna be operated. And then they also provide a guide that will be with you the whole trip. So you'll have somebody who speaks the language and who can help you navigate transportation will be with you for every, every meal and every TRO trip planned activity.

11:14 Frankie Ruiz
Got it.

11:15 Rachel Gillette
And then we call our community leaders hosts. And so that would be likely you and Frankie and or whomever. Oftentimes our clubs and communities will have sometimes proxy leaders, 'cause they might be running multiple trips a year. So ultimately you might have multiple hosts that go on trips that are the face of each trip, but you're really just there to, to be kind of like the, the face of the event and make sure that everyone feels taken care of and you'll work hand in hand with a guide to ensure a really great trip. And then the travelers would be your participants.

11:54 Frankie Ruiz
The guide is the operator, right?

11:56 Rachel Gillette
The guide is with the operator. That's right. Yep. And then the travelers would be whomever books your trip, so likely people that are in your club or follow you and are interested in participating on your taking the, the club on the road. Awesome. Any questions so far about the format?

12:22 Frankie Ruiz
No, I'm assuming there's an app to this like that keeps everything.

12:26 Rachel Gillette
Yeah, so you'll have a portal and then the travelers will have a portal, they'll have different views. So I can walk you through the portal. Once you get to the trip, all of it filters into the app and so that's how you communicate and where you'll review the, the itinerary and there'll be a group chat that the guide will be in as well. So right now everything is mostly just done in a browser, in a portal that you log into. But when you're in destination, it'll be an app.

12:57 Frankie Ruiz
Got it. I'm sorry if I keep you ya, by the way, it's not you. I I had insomnia last night.

13:01 Rachel Gillette
Oh no, I know the feelings But I don't Even worry. No worries at all. I mentioned we're in 50 different countries. Is there anywhere that Frankie and you were thinking about immediately that was exciting you as a potential destination?

13:21 Frankie Ruiz
Let me see. We did Patagonia on the Chile side.

13:24 Rachel Gillette
Oh cool.

13:25 Frankie Ruiz
That was, that was beautiful. I think Utah just 'cause he, so he goes to Arizona every year. That'd be interesting to explore that side. Turkey Valley, New Zealand. Oh, we, we went, yeah, we we've been there. No, he's talked about Japan now. A lot of fast runners are coming out of Japan.

13:46 Rachel Gillette
Yeah.

13:48 Frankie Ruiz
And then obviously Kenya. So South Africa is an interesting destination.

13:52 Rachel Gillette
Oh man. Yeah. Yeah, there's, there's a lot of opportunity and that, I'll be curious too, this doesn't have to be a conversation today, but a lot of our groups that are athlete based in any degree will kind of decide if they want to make it an adventure trip and try different kinds of pursuits. You know, like do you wanna do like a hut to hut trip where you're trekking like doing Machu Picchu and do like a challenge like that? Or do you wanna go to Costa Rica and kayak by day and then in the evening just like run the roads of Costa Rica? Like, you know, what's, what's the flavor? Do you wanna make it exploring a city and then running in the city? So you're going to museums by day and then you do a group run through the city later on. So there's, there's a couple different ways to approach it. But our itineraries will lend themselves, as you'll see, to like different styles of trips.

14:50 Frankie Ruiz
Interesting.

14:50 Rachel Gillette
You were asking about the app. And so our platform is really, really well baked and again, very turnkey. So you'll be able to view all the itineraries, be able to view everyone that books the trip, edit the, your trip page from the backend, be able to view all the emails that tro trip, send on your behalf and edit them before they go out. You and I can review the analytics to see where the bookings came, where they came from, Instagram or email or et cetera. And you also have the ability to approve or deny bookings. This is always really important to, to host because everyone has had like, I'm sure you've had somebody that you've banned from runs, so well probably I know a name that would come through that.

15:37 Frankie Ruiz
I'd be like, no, they're not Going.

15:38 Rachel Gillette
Yeah, exactly. Exactly. So there's, there's, that's, there's the iterations of that always. So you'll be able to see somebody and approve or deny them. And let's see here. We also have the ability to help you with a survey. So it'll be interesting to see since you have so many different, you know, chapters and iterations of your club to, to have some of the leaders or or your main brand put out a survey and be like, where do you guys wanna go? What's your budget? What time of year? And this will help us and we can aggregate that data in your portal and then you and I or you and I and Frankie can go over and be like, oh, so Japan is the top destination or Oh, interesting. Everyone wants to go to Bali. And then also to understand their budget because that's gonna be really important that you meet the, the budget that your audience has. You don't outprice anyone. So even if they say they wanna go to Italy, if their budget's $2,000, we're looking at more like, you know, Thailand or Costa Rica or Mexico. So it's, it'll be that's, that's helpful to inform the trip. You select, I mentioned that you set your own earnings and so ultimately you'll be able to see the cost of the trip, the base cost with the operators cost to operate the trip plus troves margin and that's this middle column here. And then you'll be able to adjust the earnings and you can add on as much or as little as you want. And then you'll see the earnings will, will fall in line here. So a sold out trip, let's say you added on, made it more like 2200. So a sold out trip might look more like 20,000 take home and a thousand at the minimum. So trips are typically between eight and 25 people. Have you heard of a dance church?

17:35 Frankie Ruiz
No.

17:38 Rachel Gillette
It runs pretty similarly to your, your club in which in all the destinations every day or like certain days of the week, there's dance church happening and it's just like an open freeform dance where somebody's leading it in different cities.

17:54 Frankie Ruiz
Okay.

17:55 Rachel Gillette
And so with them, we did a trip in Mexico City that was a little bit larger 'cause they were, they wanted to invite more people and so they had a 50 person trips have the ability to scale up if you wanted to do a larger trip or you could keep it at a, the lower, the lower scale of around 25.

18:16 Frankie Ruiz
Got it. Okay.

18:19 Rachel Gillette
Any Questions so far?

18:22 Frankie Ruiz
No, it looks great. Well, I mean on the, on the pricing side, obviously you guys are also making money. So I'm assuming that there's a, there's like, can you see where the limit is of like, okay, from here on up I can charge like what's the minimum that you could charge And then, Yeah, let me just go ahead and show you an example here.

18:44 Rachel Gillette
Okay.

18:47 Frankie Ruiz
Ooh, Iceland.

18:48 Rachel Gillette
Yeah. Yeah. So here's an example.

18:50 Frankie Ruiz
There's a half marathon that they do on New Year's Eve.

18:53 Rachel Gillette
Do they?

18:54 Frankie Ruiz
Yeah.

18:56 Rachel Gillette
Okay.

18:57 Frankie Ruiz
Because New Year's Eve is, is daylight.

19:00 Rachel Gillette
Yeah. Great. It's interesting 'cause this is the Silent Reading Club. The Silent Book club. And so they're going to Iceland for, I don't know how to say it in Icelandic, but it's the Yule book book Flood and publishers and bookstores just get a ton of books right before Christmas Eve and everyone goes out and they spend like the days leading up to Christmas just like exchanging books and like reading by the fireplace. And that's like a thing. So that's what they're going out for. So here's an example, here's an example of Vietnam just 'cause Iceland is, I can show you that, but it's, it's so expensive in comparison. So it's just not as, I don't think it's as representative of most of the pricing. It's our, one of our most expensive destinations, but Vietnam's one of our less least expensive. So here's the breakdown. So typically between eight and 25 or eight and 26, sometimes it caps at 18, sometimes it caps at 22. And this is the breakdown of the base cost. And so for this trip in particular for these April dates in this, with this Vietnam destination, wow. You can see that the cost, if there were eight people to sign up would be around 1400 from the operator tro Tripps 10% and then a transaction fee from Stripe. And then that makes the total minimum cost 1720. So you could price it at 1720, but that would not really cover, your efforts wouldn't really create this. So you can choose to add on and where you're gonna add on is up here. And so you're basically, basically what Silent Book club decided to do was to add on around just under $500 per to that base cost for the early bird and then around $600 for the regular price. Early Bird is just the first eight spots. So the first eight spots get labored. And so that means that if only eight people sign up, their take home is 3,800. But then if the trip sells out, once they set that cost, then the, their take home was gonna be 1700, or sorry 17,000. And so that's, that gives you a little room to play. And so ultimately the only price that your travelers will see will be this 2199 and this 2299. And then tro atrip, depending on how many people sign up, will pay you at your earnings via direct deposit for the, for this amount. So this amount is, is completely into your wallet. This amount is not gonna have any sort of deductions by any of the other parties that all happened prior to you setting your earnings.

21:54 Frankie Ruiz
Oh, I see. And then this doesn't include airfare, right? This is correct. This is like the hotel, the tour guide I'm assuming. How about food?

22:08 Rachel Gillette
Yep, yep. I'll show you all that. And then just to give you one more example, here's Italy, which you can see the take home is a little bit is around 22 and you can see kind of the trajectory there. So depending on the destination, the margins will change and the pricing will obviously change as well because the pricing for Italy will be higher, much higher than the pricing for Vietnam. Okay. So now to show you, I will show you Italy, just to give you a sense.

22:37 Frankie Ruiz
And the length of the trips change, is it like three day five to seven day? That's okay.

22:42 Rachel Gillette
They're typically gonna be seven days, six nights. There's some trips that are four days. So for instance, Mexico City is a four day trip. There's a Dublin trip for four days, Columbia trip for four days. There's gonna be a couple five days in there. And then some of our trips like Kilimanjaro, Mont Blanc, those are gonna be more like nine days.

23:02 Frankie Ruiz
Got it.

23:02 Rachel Gillette
But most of 'em are gonna be seven days, six nights. Okay. So this trip for example, will include, they always include the accommodations. So it'll be six nights of accommodations and then it will the, the meals will change, it'll always include all the breakfasts. And then depending on the nature of the destination, it'll include more or less meals. So for instance, in Vietnam it probably includes a lot less meals because there's a ton of street food and we know that not everyone wants to sit at a banquet table inside of a restaurant. But in Sardinia where it's more remote, we're gonna plan out and include more dinners because there aren't gonna be a lot of dining options. So we just wanna provide a consistent meal given the lack of availability of restaurants in this area.

23:54 Frankie Ruiz
Got it.

23:55 Rachel Gillette
Lemme see.

23:56 Frankie Ruiz
It says that included flights, airport transfers, visa, travel, insurance, food, alcohol, and then testing security. How about like the airport transfers? Because I'm assuming like if they all travel to, do they travel together? Yeah, they ha kind of have to travel.

24:09 Rachel Gillette
So the airport transfers can be done a couple different ways. They are included for hosts. So for you, and let's say you and Frankie are the two hosts that go on the trip, you would have everything that's included over here. So all the accommodations, the guide, the transfers, the meals, but then we'd also for you include airport transfers and the ability to add an extra night beforehand and extra night afterwards for the guests. They can book their transfer through their portal once they, once they book their trip, but it will be done through a third party and they'll pay for it. So basically they'll have a prompt once it gets closer to the trip to book their transfer, they'll be taken to our partner partner transfers with a Z and they'll book it. So the reservation will live in their portal but they're gonna pay for it and it's gonna be done through a third party.

24:59 Frankie Ruiz
Got it. Okay.

25:00 Rachel Gillette
If a bunch of you travel together, it might honestly make sense to not do transfers because those are done one, one by one and to get like a big fan. But oftentimes people are coming from all over the country and so there flights are arriving at different times. Oh.

25:17 Frankie Ruiz
But I'm thinking like if it's, if we promote it within the rum clubs here, everybody's leaving from Miami, basically we can all just, if it's 20 of us, we can just get a couple of vans. I, that's what he does with the team. He has 45 kids plus the coaches. Yeah. So he renting like three or four vans. Yeah.

25:34 Rachel Gillette
And that makes sense. If everyone gets on the same flight, what we've found is that even if people are coming from the same destination, sometimes they add on time ahead of time to travel more. Also sometimes people have status on certain airlines or they wanna book differently and so, or they don't book when you tell them to book and so they don't get on the same flight. So there's just some, some variability in there. But if you wanted to clarify in here, you could always just say like for those of us, those that book on the designated flight, we'll be providing a transfer. So you could always just add that in here.

26:10 Frankie Ruiz
Got it.

26:12 Rachel Gillette
And that kind of brings me to the, the provided by the host section. So if you wanted to organize daily runs, this is where you would put that in here and you could say as much or as little, you could just say like evening run location, TBD or you could get as explicit as you like. We're gonna run through the hills of Sardinia, expect to have some elevation gain. This is optional and highly encouraged or however you'd like to illustrate it. So this is where you would kind of designate things like that.

26:43 Frankie Ruiz
Yeah, I think for him what would make make the most sense is planned trips. Sort of like as if even though it's adults, like they're part of a team like a cross country.

26:53 Rachel Gillette
Yeah.

26:53 Frankie Ruiz
Yeah.

26:54 Rachel Gillette
I love that.

26:54 Frankie Ruiz
It's something that, that I've noticed and he's noticed too, like the trends of like the, just like the groups of people that are training to run here. It it is a cross country team. It's funny.

27:07 Rachel Gillette
Yeah.

27:08 Frankie Ruiz
It feels like, you know, if you missed a boat in high school, you never joined a team or you were and you missed it. Like these teams, so like if if it's organized sort of like as a camp or running camp, I think that would be his, his way to sell it. 'cause that's his expertise anyway.

27:23 Rachel Gillette
Yeah, I love that. I love that. I was just gonna see if, because I know we have a running club that has a live trip right now. I dunno if we'll be able to find it right off the bat, but I can add it in my follow up. We do have some hiking groups like Hiker Babes or Girls Who Hike that have some live trips. So I was just gonna show you one of those just to paint the picture of how, how a an organization with multiple chapters does it, 'cause you guys are, are all of your run clubs in the Miami area?

27:58 Frankie Ruiz
Yep.

27:59 Rachel Gillette
Got it. Got it. So that's great. That's like a pretty strong close knit community.

28:04 Frankie Ruiz
Yeah. Oh you have amazing places.

28:07 Rachel Gillette
There's some fun ones. There's, there's so many things to choose from. I think it'll be interesting to see what you guys gravitate towards and what you're, your travelers gravitates towards. Well here I'll just grab this woman in the wild in Banff. So Women in the Wild is, is a camping, hiking group. And so they, I guess they didn't build out additional but, but they're a group of people that continually travel together. And so this is a camping one. Do you think people would be interested in camping or do you think they'd probably want hotels?

28:44 Frankie Ruiz
Hotels, Yeah.

28:45 Rachel Gillette
Shower, right? Yes, Definitely Hotels. Yeah.

28:50 Frankie Ruiz
Yeah. I, I saw their Ecuador. Oh yeah, I'm from Ecuador just out there. Yeah, we have a couple of Ecuador itineraries.

29:02 Rachel Gillette
Yeah. So this one tells you all the places that you go. It's interesting 'cause they, they go foraging for fruit and then they eat, they eat the fruit in all the places they go. It's called a fruit hunter group. So that's what they're, they'll be doing very, it's like gonna markets and yeah, eating fruit. Basic.

29:23 Frankie Ruiz
Cool.

29:23 Rachel Gillette
Yeah. Yeah. What do you think of this itinerary?

29:25 Frankie Ruiz
If, if this is Yeah, it's awesome and it's honestly the best part of Ecuador anyway.

29:30 Rachel Gillette
So that's the prettiest part.

29:32 Frankie Ruiz
I mean, beaches are nice too, but I, I think within the mountains you have a lot more to do and travel between and see a lot more just kind of, you would have to take like a, another plane to get to the beach.

29:46 Rachel Gillette
Oh, I see, I see. That makes sense.

29:48 Frankie Ruiz
Yeah, no, no, it's great. It, it's a, it's a better part of the Ecuador anyway.

29:52 Rachel Gillette
Okay. Yeah. Let me see. Where were some of the places that you mentioned again that were of interest?

30:01 Frankie Ruiz
I don't know, but I see a lot of Ecuador there.

30:03 Rachel Gillette
Yeah. Yeah.

30:05 Frankie Ruiz
So places of interest. I know that he, so he's been meaning to plan a trip to Japan. He wants to see like the running, get the running culture in Japan.

30:13 Rachel Gillette
Yeah.

30:14 Frankie Ruiz
Yeah. I think Switzerland is another one. 'cause that's, right now they're going to Arizona. Like he takes the cross country kids to Arizona, to Flagstaff because of the altitude there. And obviously it's closer and easier to get to within the United States. But the next place where a lot of elite runners train at is in Switzerland. St. Saint Lawrence is the, the mountain.

30:41 Rachel Gillette
Let's see what we have. Okay, so this is the same Lucerne and Zurich.

30:48 Frankie Ruiz
Oh It's pretty cool. You go to three different places. Not bad at all.

30:51 Rachel Gillette
Yeah, okay, so you do, well you take a railway to a summit, but I mean obviously we could arrange or you guys could arrange it. It would just depend on if you're in the actual area. That makes sense. Yes. The biggest thing is, is our operator there, can we facilitate transportation guides, et cetera. So I'd have to like look at a map to see if this actually takes you where you need to go.

31:17 Frankie Ruiz
See that it's 25% do a booking and then the rest you keep, you pay sort of like throughout so it doesn't hurt as much.

31:24 Rachel Gillette
Yeah. Yes. See it's only 25% down to secure your spot and then you can go in and make manual payments up until 90 days prior or at 90 days prior. Your payment method will be hit for the delta or you can apply for pay over time and then that will essentially put you into a payment plan that could be six months, 12 months, 18 months, just depending on what you qualify for. And so there's a couple different ways to secure. And then looking at Japan, we have a ton of different, actually let me take you to the itinerary side. So this is, these are our lives trip, our live trips. But then once you have a profile on the portal, you'll be able to see and really break down the different activities and all of them. Because I'd be curious to know if he wants to go to like Mount Fuji or if he wants to stay in the city. There's a couple of different options. The Mount Fuji is definitely the more affordable of the four us to, of the four itineraries. And so this one you're gonna do some hiking, you're gonna visit some shrines, visit smaller towns, tea farms, soba making. And then of course you can bake in everything that you want to do as well. But basically I think the, the biggest thing to understand is where you'll be based. So if there are people or other club, other clubs that you want to associate with and meet with, for instance to like learn more about the running community, then it would be helpful for you to choose a, an itinerary that already takes you to those places or takes you nearby. Because ultimately you and Frankie will coordinate on your own if you wanted to as to get associate with a running club or a group there in person. And what would be helpful is if you were, if our infrastructure already took you to the destinations you need to be, what's really easy is, let's say, I'm gonna butcher this, let's say one of the running clubs is 30 minutes outside of Shizuka. We could always arrange for transportation. We would have to do it ahead of time of course. But we could say like, okay day, let's say day three, we actually don't want to do this hike instead please arrange for transportation and we're gonna set up a run with this other run club. So we don't wanna do the activity, take that off reprice it. But please add transportation.

34:05 Frankie Ruiz
That's a great point because when we've traveled, I don't know if I mentioned this, but we we're married, I kind of figured, but I don't wanna make assumptions. Okay. No, no, no. Yeah, I shoulda have started there. So when we travel, we, we do like a lot of running tourism, right? Yeah. So we either like run to Sightsee or we'll join run clubs, which is also pretty cool is like if you're there, just take in what the, you know, the locals do and join part of the running community there. I I would say like he would have his input into making it a little bit more like run specific because people look up to him again either for, for the social aspect of the running or for like serious runners that wanna keep training or wanna learn how, you know, either Japanese runners run or I'm thinking even like in Portland, right? Portland is where running really became a thing, at least here in the States. And so that could be another fun trip for adults like me that didn't grow up in a cross country team or running team and now has gotten into running just to learn about Steve P's life and go to the Nike headquarters. And that's a trip that he takes with the kids once a year. 'cause they, they run at Nike Nationals, but I'm thinking like, why not do an organized trip for adults that run? Yeah, I I think that it's, No, this is, this is amazing. I'm really impressed with the app. Really good.

35:26 Rachel Gillette
Good. I'm so glad. Yeah, there's a lot of opportunity here to make it your own. Like for instance, we're working with a sommelier outta Sonoma and he's gonna do champagne France and so he's taking our itinerary that takes you to some of the bigger sellers in Champaign, but he has the relationship with these small sellers and so he's gonna take the group, he's gonna set up tastings with places that our operator could never get in with because he's a Somalia and has these relationships. And so same goes here, you know, you can take our infrastructure and be like, this is great and I'm gonna reach out to these running clubs and here's how I'm gonna make this, you know, specific to, to, to what everyone would want to do. And I mean like even in Mexico, I feel like not, there's some really amazing areas that could be really fun. And I know that the, the running community and the outdoor community in Mexico is really vibrant as well. So I feel like yeah, put your finger on a map and there's probably a destination that's really ripe for, for some incredible experiences. Definitely. I'm trying to think if there was an itinerary and I can reach out too to some of our run clubs that already work with us and see if they in particular can say if like any itineraries lent themselves really well because like I can say like in Costa Rica it would be much more challenging in some of the areas to have a huge group of runners just Yeah. Based on the towns and the roads and how spread out everything is and how, how it can be difficult to have connectivity. But that said, there's, there are towns that would be great. So yeah. How much fun would it be to be running in Greece? Amazing. Beautiful.

37:30 Frankie Ruiz
Beautiful. Okay, so what, I guess the next question would be also, what, how far in advance do you recommend to plan these trips?

37:42 Rachel Gillette
Eight to 12 months.

37:44 Frankie Ruiz
Okay. 'cause you start selling way before.

37:46 Rachel Gillette
Yes. The trips, first of all, people really appreciate having some time in between, like you mentioned, putting down the deposit and when the final payment's due. But also it does take some time. Sometimes you announce it and people sign up right away. Other times you announce it and people have to think about it. You have to present it to them like 12 different times in 12 different ways before they actually pull the trigger.

38:14 Frankie Ruiz
Yeah.

38:14 Rachel Gillette
And also in order for us, we have all the dates blocked so the itineraries are all ready to go, but we don't actually press go press on the arrangements until 90 days prior. And so essentially our operator needs to know at 90 days prior that you have the minimum at least eight people and then at 75 days prior, that's when the trip closes and they need to have them manifest so they can start putting people, matching people in rooms, making sure they have enough guides, enough transportation and setting up the trip.

38:48 Frankie Ruiz
Got it. Okay.

38:53 Rachel Gillette
And the next step would be how do you know if you already have a profile?

38:59 Frankie Ruiz
No, no, no, no. I, I was waiting to meet with you to, to just really understand how it works better. But I guess, so the next step would be just to create a profile and start seeing the, these like the destinations.

39:13 Rachel Gillette
Yes. Yep. So the next step is to create a profile if you, how are you on time? 'cause I still have enough time to set this up unless you're, you have a full stop.

39:22 Frankie Ruiz
I know we're a little over. Yeah. I have to just finish on things before I have to go pick up the kids, unfortunately.

39:28 Rachel Gillette
Yeah, I can send you the instructions on how to do this, on how to set up your profile so we don't have to do that right now.

39:36 Frankie Ruiz
Yeah, yeah. No that'd be great. I'll have him take a look at this tonight and and we'll go from there. I mean at the end of the day it's, it's paid, it's something that I know he's been thinking about doing. Just it, it's, yeah I think this is like the best of both worlds because you're, you are the logistics part. Exactly. And the payments like the administrative side that he doesn't have. Yeah, that's actually why I joined the team last year because it was just him managing the wrong. That's A lot.

40:07 Rachel Gillette
That's a lot.

40:08 Frankie Ruiz
Yeah, I know it sounds like you have a platform and he would just, you know, help sell it and lead the trip.

40:15 Rachel Gillette
Yeah, absolutely. In terms of when you would like to meet again, would it make sense to set up a call with you and Frankie perhaps next week?

40:26 Frankie Ruiz
Yep. Yep.

40:28 Rachel Gillette
Let me go to next week, may week And on that call all weeks the different ways that you can start bringing this up to the community and collecting data so we can feel informed about the trip and the pricing before we secure the trip itself.

40:48 Frankie Ruiz
Yeah, I'm looking at May on May 5th.

40:56 Rachel Gillette
All right And you are Eastern time?

41:00 Frankie Ruiz
Yes, yes. Okay, perfect. Yeah, we're how many hours? 6, 5, 3 Hours ahead of me. Oh it's not so bad.

41:07 Rachel Gillette
Yeah, not so bad. Okay, so I could do either two 30 or three Eastern on the fifth.

41:18 Frankie Ruiz
Let's go to the sixth just 'cause I have some meetings already that are cutting the day there. It's crazy how each meetings cut the No problem. So when Is open for both of us?

41:29 Rachel Gillette
Yeah, I could do either 2:00 PM Eastern or I could do four or five.

41:40 Frankie Ruiz
Let's do 2:00 PM Eastern. Let me see, I should be finishing a meeting by then. Yeah, let's do 2:00 PM Eastern.

41:45 Rachel Gillette
Okay, perfect.

41:47 Frankie Ruiz
Will you send a link?

41:48 Rachel Gillette
Yes, I will.

41:49 Frankie Ruiz
So if you can send it to Frankie Ruiz miami@gmail.com.

41:55 Rachel Gillette
Okay. And that's just as it's spelled here?

42:00 Frankie Ruiz
Yeah, Frankie Ruiz Miami. Perfect. And then the other one you can send to admin we the one that we've been emailing. Okay, Perfect.

42:12 Rachel Gillette
Alright, I will get that set up and I'll send a follow up just with a little bit more information and how to create your account and if you don't mind just creating the account and activating it before our next call, that would be helpful.

42:22 Frankie Ruiz
Definitely will do. Awesome so much Carla.

42:26 Rachel Gillette
Excited bye. You too.

42:28 Frankie Ruiz
Bye.
","Based on the conversation, here are the next steps/action items for each person:

Carla (Frankie Ruiz):
1. Create a TrovaTrip account/profile before the next call on 2026-05-06
2. Review the meeting information and platform details with Frankie tonight
3. Activate the account once created
4. Attend the follow-up meeting scheduled for 2026-05-06 at 2:00 PM Eastern

Frankie Ruiz:
1. Review the TrovaTrip platform and meeting information that Carla will share with him
2. Attend the follow-up meeting scheduled for 2026-05-06 at 2:00 PM Eastern
3. Discuss potential destinations and trip formats with Carla
4. Consider which itineraries align with their running club's interests and goals

Rachel Gillette (TrovaTrip):
1. Send calendar invite for the follow-up meeting on 2026-05-06 at 2:00 PM Eastern to:
   - frankieruizmiami@gmail.com
   - admin@werun[thecity].com (the email they've been using)
2. Send follow-up email with:
   - Instructions on how to create a TrovaTrip account
   - Additional information about the platform
   - Information on how to start collecting data from the community about trip preferences
3. Potentially reach out to other run clubs that work with TrovaTrip to gather insights on which itineraries work well for running groups
4. Prepare for the next call to discuss community engagement strategies and data collection methods","Carla (representing Frankie Ruiz and We Run the City, a Miami-based running club network) met with Rachel from TrovaTrip to explore organizing international running trips for their community. Carla expressed strong interest in TrovaTrip's turnkey platform, which would handle logistics, payments, and coordination while allowing Frankie to focus on leading the trips and organizing runs - addressing their main pain point of lacking administrative infrastructure. They discussed potential destinations including Japan, Switzerland, and Ecuador, with Carla noting that Frankie has been wanting to organize such trips but hasn't had the resources. The call ended with both parties scheduling a follow-up meeting for May 6th to discuss next steps, including surveying the community and selecting an itinerary, indicating clear intent to move forward.","Based on the conversation, the prospect (Carla/Frankie Ruiz) did not express significant concerns or objections about working with TrovaTrip. The conversation was generally positive and exploratory. However, there were a few clarifying questions that could be considered minor concerns:

1. Pricing structure clarity - Carla asked about understanding the pricing limits and minimum charges: ""can you see where the limit is of like, okay, from here on up I can charge like what's the minimum that you could charge""

2. What's included in the trip cost - Carla sought clarification on whether airfare was included and asked about food, airport transfers, and other logistics to understand what was covered in the base price.

3. Airport transfers logistics - Carla questioned how airport transfers work, especially if the group is traveling together from Miami, wondering if they could arrange their own vans instead.

4. Timeline concerns - Carla asked ""how far in advance do you recommend to plan these trips?"" to understand the planning timeline required.

Overall, these were more informational questions rather than objections. Carla expressed enthusiasm throughout the call, stating ""No, this is, this is amazing. I'm really impressed with the app. Really good"" and ""I think this is like the best of both worlds because you're, you are the logistics part...And the payments like the administrative side that he doesn't have.""","Based on the conversation, the prospect (Carla/Frankie Ruiz, representing ""We Run the City"" and Frankie) appears to be motivated by several factors:

1. Community Building and Connection: The organization is deeply community-focused, running 12 run clubs with up to 1,000 runners weekly. Carla emphasizes that their community is ""very community focused as opposed to only revenue focused.""

2. Expanding Frankie's Vision: Carla mentions that Frankie ""has been thinking about doing"" organized trips and that ""he's thought about organizing trips"" but lacks ""a whole lot of time or infrastructure to build it.""

3. Leveraging Frankie's Expertise: The motivation is to create running camps/trips that align with Frankie's coaching expertise - ""organized sort of like as a camp or running camp, I think that would be his way to sell it. 'cause that's his expertise anyway.""

4. Running Tourism and Cultural Exchange: Carla describes their travel style as ""running tourism"" - joining local run clubs and experiencing running communities in different destinations (e.g., wanting to ""see the running culture in Japan"").

5. Reducing Administrative Burden: A key motivator is finding a solution that handles ""the logistics part"" and ""the administrative side that he doesn't have"" - Carla explicitly states ""that's actually why I joined the team last year because it was just him managing"" everything alone.

6. Revenue Opportunity: While not the primary driver, there is interest in the additional revenue stream that trips could provide.

The prospect is motivated by creating meaningful travel experiences for their running community while minimizing the operational complexity.","The prospect's demeanor was engaged, friendly, and collaborative throughout the call. Carla (speaking on behalf of Frankie) was warm and conversational, showing genuine interest in TrovaTrip's offerings.

Rapport Building:
Strong rapport was established on the call through several indicators:
- The conversation started with casual, friendly banter about names (""Frankie could be a girl's name too"")
- Carla openly shared personal information (mentioning she's married to Frankie, being from Ecuador)
- She was apologetic and personable when mentioning her insomnia (""I'm sorry if I keep you ya, by the way, it's not you. I had insomnia last night"")
- Rachel was accommodating and understanding (""no, I know the feelings But I don't Even worry"")
- Both parties engaged in natural conversation flow with mutual enthusiasm about destinations and running culture

Overall Mood:
The call had a positive, enthusiastic, and collaborative mood:
- Carla expressed genuine excitement about the platform (""No, this is, this is amazing. I'm really impressed with the app. Really good"")
- She was actively engaged, asking thoughtful questions and providing detailed context about their organization
- The conversation felt consultative rather than sales-heavy, with Rachel taking time to understand their needs
- Carla showed clear intent to move forward (""I'll have him take a look at this tonight and we'll go from there"")
- The ending was warm and appreciative (""Awesome so much Carla"" / ""Excited bye. You too"")

The call successfully built trust and moved the relationship forward productively.","Based on the conversation, here are the personal details that Carla (the prospect) disclosed about herself:

1. Married to Frankie Ruiz - She mentioned ""when we've traveled, I don't know if I mentioned this, but we're married""

2. From Ecuador - She stated ""I'm from Ecuador"" when discussing the Ecuador itinerary

3. Had insomnia the night before - She apologized saying ""I'm sorry if I keep you ya, by the way, it's not you. I had insomnia last night""

4. Has kids - She mentioned needing to ""go pick up the kids"" at the end of the call

5. Joined the team last year - She said ""that's actually why I joined the team last year because it was just him managing the wrong""

6. Does ""running tourism"" when traveling - She mentioned ""when we travel, we do like a lot of running tourism""

7. Did not grow up in a cross country team - She referred to herself as an ""adult like me that didn't grow up in a cross country team or running team and now has gotten into running""

8. Located in Eastern time zone - Confirmed when scheduling the follow-up meeting","Based on the conversation, here are two to three moments where the prospect (Carla/Frankie Ruiz) reacted positively to TrovaTrip's offering and value:

1. When learning about the turnkey platform and logistics support:
""I know it sounds like you have a platform and he would just, you know, help sell it and lead the trip.""
And: ""I mean at the end of the day it's, it's paid, it's something that I know he's been thinking about doing. Just it's, yeah I think this is like the best of both worlds because you're, you are the logistics part. Exactly. And the payments like the administrative side that he doesn't have.""

2. When seeing the overall platform capabilities:
""No, this is, this is amazing. I'm really impressed with the app. Really good.""

3. When understanding the flexibility to customize trips:
""That's a great point because when we've traveled, I don't know if I mentioned this, but we're married, I kind of figured, but I don't wanna make assumptions. Okay. No, no. Yeah, I shoulda have started there. So when we travel, we do like a lot of running tourism, right?""
Followed by: ""I would say like he would have his input into making it a little bit more like run specific because people look up to him...""","Yes, the prospect (Carla/Frankie Ruiz) is eager to move forward with TrovaTrip. Here are the reasons why:

1. Strong alignment with existing goals: Carla explicitly states that organizing trips is ""something that I know he's been thinking about doing"" and mentions that Frankie has thought about organizing trips and is interested in adventure and trail running.

2. Perfect fit for their needs: Carla recognizes that TrovaTrip solves their main pain point, stating ""I think this is like the best of both worlds because you're, you are the logistics part... And the payments like the administrative side that he doesn't have."" She acknowledges they lack the infrastructure and time to build trips on their own.

3. Positive feedback on the platform: Carla expresses enthusiasm about the platform multiple times, saying ""No, this is, this is amazing. I'm really impressed with the app. Really good.""

4. Immediate next steps: Rather than asking for time to think about it, Carla immediately commits to creating a profile and scheduling a follow-up meeting with Frankie for the next week (May 6th at 2 PM Eastern).

5. Already planning implementation: Carla says ""I'll have him take a look at this tonight and we'll go from there,"" showing immediate intent to move forward.

6. Recognition of value: Carla understands that Frankie would ""just help sell it and lead the trip"" while TrovaTrip handles the complex logistics, which is exactly what they need given their resource constraints.

The prospect is clearly motivated and ready to proceed to the next stage of the partnership.","Based on the conversation, the prospect (Frankie/Carla representing ""We Run the City"") mentioned the following destinations of interest for working with TrovaTrip:

1. Japan - Frankie specifically mentioned wanting to plan a trip to Japan to see the running culture there, as many fast runners are coming out of Japan
2. Kenya - Mentioned as a destination of interest
3. South Africa - Described as ""an interesting destination""
4. Switzerland - Specifically mentioned St. Moritz (referred to as ""Saint Lawrence"" mountain in the transcript) as a place where elite runners train at altitude
5. Utah - Mentioned as interesting to explore since Frankie goes to Arizona every year
6. Turkey - Listed as a destination of interest
7. New Zealand - Mentioned that they've been there
8. Portland, Oregon - Mentioned as a potential trip destination for adults to learn about Steve Prefontaine's life and visit Nike headquarters, similar to trips Frankie takes with his cross-country team

Destinations they have already visited (not necessarily for future TrovaTrip trips):
- Patagonia (Chile side)
- Ecuador (Carla is from Ecuador)","Based on the conversation, the prospect (Carla/Frankie Ruiz) did not specify an ideal time for a trip. The conversation focused on understanding TrovaTrip's model, discussing potential destinations, and logistics, but no specific timeframe or season for when they would want to run a trip was mentioned.

The only time-related discussion was about planning timelines, where Rachel stated: ""Eight to 12 months"" in response to Carla's question ""how far in advance do you recommend to plan these trips?""

No exact quotes indicate the prospect's ideal time of year or specific dates for when they would want to organize a trip for their running club community."